order_id,customer_id,product,category,price,quantity,city,timestamp,status,is_scheduled,cost,profit,rating,review,revenue
1,1374,HP Jeans Edge,Fashion,1290,3,Kolkata,2026-07-30 02:54:56.478185,Delivered,False,1107.14,548.59,5,Very satisfied,3870
2,1944,Dell Tablet X,Electronics,11822,4,Delhi,2026-08-04 02:54:56.478211,Placed,True,7142.12,18719.52,2,Not satisfied,47288
3,1655,Adidas Jeans Edge,Fashion,26581,5,Kolkata,2026-07-14 02:54:56.478225,Delivered,False,19326.32,36273.42,4,Loved it!,132905
4,1549,Samsung Router Neo,Electronics,40873,2,Bangalore,2026-08-01 02:54:56.478237,Shipped,False,25492.75,30760.49,2,Waste of money,81746
5,1250,Lenovo Phone Elite,Electronics,38932,1,Delhi,2026-07-12 02:54:56.478248,Delivered,False,31884.82,7047.18,2,Not satisfied,38932
6,1012,Puma Router Mini,Electronics,28974,1,Pune,2026-07-15 02:54:56.478259,Placed,False,20072.81,8901.19,2,Bad experience,28974
7,1380,Boat Speaker Core,Electronics,46473,1,Mumbai,2026-08-07 02:54:56.478269,Shipped,True,35175.49,11297.51,3,Not bad,46473
8,1729,Lenovo Tablet Max,Electronics,18113,1,Kolkata,2026-08-06 02:54:56.478280,Delivered,True,12345.72,5767.28,1,Disappointed,18113
9,1376,Zara Router Max,Electronics,5550,4,Mumbai,2026-07-18 02:54:56.478290,Shipped,False,3422.31,8510.78,5,Highly recommended!,22200
10,1047,Apple Bag X,Fashion,7243,5,Chennai,2026-08-05 02:54:56.478300,Placed,True,4441.49,14007.55,1,Very poor quality,36215
11,1937,Sony Watch Pro,Electronics,25598,2,Pune,2026-08-04 02:54:56.478310,Delivered,True,17082.94,17030.11,2,Terrible product,51196
12,1976,Puma Router Plus,Electronics,18277,1,Chennai,2026-07-31 02:54:56.478321,Placed,False,11949.56,6327.44,5,Amazing product!,18277
13,1205,HP Bag Edge,Fashion,30980,3,Bangalore,2026-07-24 02:54:56.478331,Placed,False,23728.43,21754.71,1,Not worth it,92940
14,1750,Puma TV Pro,Electronics,20417,5,Kolkata,2026-08-07 02:54:56.478342,Shipped,True,15874.37,22713.17,4,Superb quality!,102085
15,1973,Acer TV Plus,Electronics,16564,2,Bangalore,2026-08-07 02:54:56.478354,Placed,True,11096.21,10935.58,3,Average experience,33128
16,1503,Zara Shoes Edge,Fashion,43577,4,Delhi,2026-07-31 02:54:56.478365,Cancelled,False,33072.52,42017.93,2,Terrible product,174308
17,1717,OnePlus Tablet X,Electronics,9830,3,Bangalore,2026-08-04 02:54:56.478375,Cancelled,True,8544.1,3857.7,5,Very satisfied,29490
18,1606,Acer Tablet Prime,Electronics,49514,1,Kolkata,2026-08-08 02:54:56.478385,Cancelled,True,39173.73,10340.27,4,Loved it!,49514
19,1325,Lenovo Jacket Elite,Fashion,29007,2,Chennai,2026-08-06 02:54:56.478395,Shipped,True,24808.94,8396.13,4,Worth every penny,58014
20,1477,Xiaomi Tablet Neo,Electronics,15809,1,Bangalore,2026-08-05 02:54:56.478405,Placed,True,10222.47,5586.53,2,Will not recommend,15809
21,1872,H&M T-shirt X,Fashion,8412,5,Delhi,2026-07-04 02:54:56.478415,Cancelled,False,6187.66,11121.71,4,Excellent performance,42060
22,1405,Nikon TV Mini,Electronics,10829,3,Kolkata,2026-08-05 02:54:56.478425,Shipped,True,6979.26,11549.22,2,Not worth it,32487
23,1569,Zara Router X,Electronics,44879,3,Pune,2026-07-08 02:54:56.478435,Cancelled,False,27345.88,52599.36,4,Top notch quality,134637
24,1133,Acer Laptop Prime,Electronics,16874,1,Mumbai,2026-07-31 02:54:56.478445,Cancelled,False,10739.22,6134.78,1,Very poor quality,16874
25,1066,Nike TV Pro,Electronics,26752,3,Mumbai,2026-08-08 02:54:56.478455,Shipped,True,23414.11,10013.66,1,Not satisfied,80256
26,1172,OnePlus Phone Edge,Electronics,42835,4,Kolkata,2026-08-04 02:54:56.478465,Shipped,True,27275.54,62237.83,4,Amazing product!,171340
27,1219,Puma T-shirt Ultra,Fashion,47976,4,Mumbai,2026-08-03 02:54:56.478474,Delivered,False,38618.95,37428.21,2,Not worth it,191904
28,1903,Xiaomi Shoes Ultra,Fashion,18840,4,Kolkata,2026-08-04 02:54:56.478484,Cancelled,True,14962.42,15510.33,4,Very satisfied,75360
29,1645,Samsung Headphones Air,Electronics,4496,1,Hyderabad,2026-07-22 02:54:56.478494,Cancelled,False,3263.06,1232.94,5,Superb quality!,4496
30,1329,HP Speaker Pro,Electronics,1779,4,Chennai,2026-07-19 02:54:56.478504,Delivered,False,1251.01,2111.96,5,Fantastic experience,7116
31,1828,Boat Tablet Core,Electronics,12284,1,Chennai,2026-07-15 02:54:56.478514,Cancelled,False,7478.39,4805.61,3,Average experience,12284
32,1546,Xiaomi Speaker Elite,Electronics,23924,5,Hyderabad,2026-08-05 02:54:56.478524,Placed,True,16133.32,38953.4,2,Disappointed,119620
33,1242,Realme Bag Elite,Fashion,48803,1,Kolkata,2026-08-08 02:54:56.478536,Delivered,True,34476.46,14326.54,2,Waste of money,48803
34,1555,Nike T-shirt Mini,Fashion,48872,3,Bangalore,2026-08-06 02:54:56.478546,Cancelled,True,37579.28,33878.17,2,Will not recommend,146616
35,1000,HP Camera Pro,Electronics,32641,1,Bangalore,2026-08-04 02:54:56.478556,Cancelled,True,25476.26,7164.74,1,Will not recommend,32641
36,1022,Zara Jacket Pro,Fashion,40747,2,Mumbai,2026-08-06 02:54:56.478568,Cancelled,True,35679.47,10135.06,3,Average experience,81494
37,1600,Sony Camera X,Electronics,46682,2,Delhi,2026-08-08 02:54:56.478578,Shipped,True,41461.44,10441.12,3,Just okay,93364
38,1178,H&M Jacket Elite,Fashion,20276,3,Pune,2026-08-05 02:54:56.478588,Delivered,True,16982.22,9881.34,4,Worth every penny,60828
39,1181,Zara Router Core,Electronics,37329,5,Pune,2026-07-27 02:54:56.478599,Cancelled,False,26634.81,53470.95,3,Not bad,186645
40,1654,Zara Shoes Edge,Fashion,46506,5,Kolkata,2026-07-07 02:54:56.478613,Placed,False,30443.97,80310.16,3,Works fine,232530
41,1651,Adidas Jacket X,Fashion,33017,2,Delhi,2026-07-11 02:54:56.478624,Placed,False,22167.57,21698.85,3,Not bad,66034
42,1262,JBL Phone Max,Electronics,46962,3,Hyderabad,2026-08-03 02:54:56.478634,Shipped,False,31131.36,47491.93,1,Not worth it,140886
43,1504,Sony Laptop Neo,Electronics,47713,1,Chennai,2026-08-07 02:54:56.478644,Delivered,True,39113.94,8599.06,2,Terrible product,47713
44,1301,Nikon T-shirt Prime,Fashion,36284,4,Delhi,2026-08-07 02:54:56.478655,Cancelled,True,23540.95,50972.21,1,Not satisfied,145136
45,1560,Puma Router Plus,Electronics,17613,1,Delhi,2026-08-06 02:54:56.478666,Cancelled,True,15259.54,2353.46,2,Bad experience,17613
46,1160,Panasonic Camera Max,Electronics,39430,5,Delhi,2026-07-12 02:54:56.478675,Placed,False,28760.12,53349.38,2,Terrible product,197150
47,1098,Puma Router Elite,Electronics,22198,2,Delhi,2026-08-07 02:54:56.478687,Shipped,True,17717.99,8960.03,3,Works fine,44396
48,1301,Dell Headphones Core,Electronics,37971,5,Hyderabad,2026-07-30 02:54:56.478697,Placed,False,26892.91,55390.45,4,Loved it!,189855
49,2000,LG Laptop Edge,Electronics,41465,5,Delhi,2026-07-28 02:54:56.478706,Placed,False,25199.14,81329.3,2,Disappointed,207325
50,1657,Boat Headphones Edge,Electronics,8069,3,Kolkata,2026-07-19 02:54:56.478716,Delivered,False,7007.63,3184.11,3,Okay product,24207
51,1476,Realme T-shirt Elite,Fashion,12616,3,Bangalore,2026-07-23 02:54:56.478725,Cancelled,False,9256.77,10077.69,3,Nothing special,37848
52,1994,Nikon Router Mini,Electronics,18100,5,Hyderabad,2026-08-05 02:54:56.478735,Placed,True,11325.39,33873.05,3,Just okay,90500
53,1902,Zara Jeans Mini,Fashion,15410,5,Mumbai,2026-08-07 02:54:56.478745,Delivered,True,13710.1,8499.52,4,Best purchase ever,77050
54,1693,H&M Phone Edge,Electronics,20085,1,Kolkata,2026-07-06 02:54:56.478756,Placed,False,15076.41,5008.59,5,Best purchase ever,20085
55,1433,Adidas Router Core,Electronics,8382,4,Delhi,2026-08-05 02:54:56.478766,Cancelled,True,7062.16,5279.38,2,Not satisfied,33528
56,1397,Dell Tablet X,Electronics,29033,2,Kolkata,2026-08-08 02:54:56.478776,Shipped,True,20204.79,17656.43,1,Bad experience,58066
57,1115,Nikon Router Pro,Electronics,36679,3,Chennai,2026-07-18 02:54:56.478786,Delivered,False,32099.57,13738.28,1,Terrible product,110037
58,1898,Panasonic Laptop Air,Electronics,10212,5,Chennai,2026-08-04 02:54:56.478796,Placed,True,8534.41,8387.95,5,Worth every penny,51060
59,1039,OnePlus Speaker Air,Electronics,25603,4,Chennai,2026-08-02 02:54:56.478806,Cancelled,False,17477.23,32503.09,2,Terrible product,102412
60,1837,H&M Camera Neo,Electronics,22224,2,Hyderabad,2026-08-07 02:54:56.478816,Shipped,True,19315.09,5817.83,1,Not worth it,44448
61,1307,Apple Laptop Prime,Electronics,20878,3,Pune,2026-07-07 02:54:56.478827,Placed,False,18617.94,6780.19,2,Waste of money,62634
62,1758,Xiaomi Headphones Plus,Electronics,21528,3,Chennai,2026-07-15 02:54:56.478837,Placed,False,14130.56,22192.31,2,Terrible product,64584
63,1138,HP Jacket Ultra,Fashion,34349,3,Hyderabad,2026-08-08 02:54:56.478847,Cancelled,True,21285.56,39190.31,5,Very satisfied,103047
64,1255,Adidas Tablet Plus,Electronics,34859,5,Delhi,2026-08-05 02:54:56.478859,Cancelled,True,30067.78,23956.12,2,Not satisfied,174295
65,1650,OnePlus Tablet Plus,Electronics,3813,3,Delhi,2026-08-06 02:54:56.478872,Shipped,True,3229.81,1749.57,5,Very satisfied,11439
66,1564,Dell Camera X,Electronics,2502,2,Bangalore,2026-07-19 02:54:56.478885,Delivered,False,1634.49,1735.01,4,Best purchase ever,5004
67,1877,LG Laptop Neo,Electronics,11216,3,Mumbai,2026-08-06 02:54:56.478895,Placed,True,8030.32,9557.05,2,Very poor quality,33648
68,1933,JBL Shoes Plus,Fashion,15252,2,Mumbai,2026-07-14 02:54:56.478909,Delivered,False,11499.77,7504.46,1,Will not recommend,30504
69,1433,JBL Shoes Plus,Fashion,11850,5,Chennai,2026-08-05 02:54:56.478933,Shipped,True,9272.66,12886.69,3,Decent quality,59250
70,1406,Sony Bag Max,Fashion,23353,4,Kolkata,2026-07-28 02:54:56.478944,Delivered,False,16128.6,28897.61,5,Best purchase ever,93412
71,1065,Puma T-shirt Prime,Fashion,981,5,Bangalore,2026-07-17 02:54:56.478955,Shipped,False,676.44,1522.79,1,Will not recommend,4905
72,1921,JBL Bag Elite,Fashion,42482,3,Delhi,2026-07-26 02:54:56.478966,Shipped,False,27889.77,43776.68,5,Superb quality!,127446
73,1265,Boat Phone Max,Electronics,39823,4,Chennai,2026-07-13 02:54:56.478976,Cancelled,False,32510.9,29248.41,4,Excellent performance,159292
74,1519,Realme Shoes Prime,Fashion,25945,1,Bangalore,2026-08-06 02:54:56.478986,Cancelled,True,20908.96,5036.04,4,Worth every penny,25945
75,1969,Samsung Jeans X,Fashion,11640,5,Pune,2026-08-06 02:54:56.478998,Placed,True,8627.97,15060.17,3,Not bad,58200
76,1807,Lenovo Headphones Air,Electronics,22496,1,Bangalore,2026-08-06 02:54:56.479009,Cancelled,True,18520.12,3975.88,3,Just okay,22496
77,1966,Apple Bag Max,Fashion,17576,5,Kolkata,2026-07-20 02:54:56.479019,Placed,False,13026.65,22746.77,5,Best purchase ever,87880
78,1205,Nike Bag Core,Fashion,31447,2,Bangalore,2026-08-07 02:54:56.479029,Shipped,True,22765.5,17363.01,2,Waste of money,62894
79,1646,Nike Phone Prime,Electronics,37816,4,Mumbai,2026-08-06 02:54:56.479039,Cancelled,True,31526.53,25157.87,4,Worth every penny,151264
80,1501,HP Headphones Plus,Electronics,42082,1,Hyderabad,2026-08-07 02:54:56.479050,Shipped,True,27892.57,14189.43,2,Waste of money,42082
81,1004,HP Tablet Air,Electronics,6269,2,Delhi,2026-07-14 02:54:56.479060,Delivered,False,4520.06,3497.88,4,Very satisfied,12538
82,1231,Dell Watch Prime,Electronics,13568,3,Pune,2026-08-06 02:54:56.479069,Cancelled,True,8213.73,16062.82,1,Very poor quality,40704
83,1066,Acer Headphones Ultra,Electronics,23067,3,Hyderabad,2026-08-04 02:54:56.479079,Delivered,True,17323.34,17230.98,3,Not bad,69201
84,1923,Sony Jeans X,Fashion,20042,3,Chennai,2026-07-11 02:54:56.479089,Shipped,False,14632.66,16228.03,2,Not worth it,60126
85,1751,JBL Speaker Plus,Electronics,49659,2,Delhi,2026-08-07 02:54:56.479098,Placed,True,33198.31,32921.39,2,Very poor quality,99318
86,1608,Zara Jeans Mini,Fashion,33571,2,Delhi,2026-08-06 02:54:56.479108,Placed,True,23921.28,19299.45,3,Average experience,67142
87,1485,LG Laptop Edge,Electronics,7585,1,Pune,2026-08-04 02:54:56.479120,Delivered,True,5562.04,2022.96,1,Disappointed,7585
88,1428,Lenovo Laptop Edge,Electronics,13967,1,Hyderabad,2026-07-21 02:54:56.479130,Placed,False,11156.07,2810.93,3,Not bad,13967
89,1623,Lenovo Headphones Air,Electronics,7375,5,Mumbai,2026-08-06 02:54:56.479140,Placed,True,6161.28,6068.59,4,Superb quality!,36875
90,1932,Canon Phone Plus,Electronics,17735,5,Mumbai,2026-08-06 02:54:56.479149,Delivered,True,12212.42,27612.92,1,Will not recommend,88675
91,1152,Sony Laptop Elite,Electronics,32000,3,Delhi,2026-08-04 02:54:56.479161,Placed,True,25647.68,19056.97,1,Will not recommend,96000
92,1475,OnePlus Router Mini,Electronics,34035,1,Delhi,2026-08-06 02:54:56.479171,Cancelled,True,25084.66,8950.34,3,Decent quality,34035
93,1871,Puma Router Elite,Electronics,11949,1,Hyderabad,2026-07-23 02:54:56.479180,Shipped,False,8696.47,3252.53,1,Bad experience,11949
94,1274,H&M Camera Neo,Electronics,3507,1,Pune,2026-08-05 02:54:56.479196,Shipped,True,2480.35,1026.65,4,Best purchase ever,3507
95,1855,Puma Shoes Pro,Fashion,24920,3,Chennai,2026-08-04 02:54:56.479207,Delivered,True,17944.27,20927.19,4,Excellent performance,74760
96,1106,Boat Jeans Elite,Fashion,31842,4,Chennai,2026-08-04 02:54:56.479216,Cancelled,True,25755.43,24346.27,1,Waste of money,127368
97,1883,Nike Camera Ultra,Electronics,39215,4,Pune,2026-07-29 02:54:56.479226,Delivered,False,32695.48,26078.09,5,Amazing product!,156860
98,1047,Canon Jacket Core,Fashion,48162,2,Delhi,2026-07-05 02:54:56.479235,Delivered,False,30528.99,35266.02,4,Top notch quality,96324
99,1443,Nike Laptop Plus,Electronics,43424,3,Pune,2026-08-08 02:54:56.479245,Cancelled,True,38793.64,13891.08,3,Okay product,130272
100,1055,Nike Headphones Elite,Electronics,16790,4,Delhi,2026-07-13 02:54:56.479257,Delivered,False,10822.77,23868.91,5,Best purchase ever,67160
101,1328,LG Jacket Edge,Fashion,10784,5,Mumbai,2026-07-07 02:54:56.479267,Delivered,False,9283.13,7504.33,1,Will not recommend,53920
102,1470,Adidas Phone X,Electronics,18729,1,Chennai,2026-08-08 02:54:56.479276,Delivered,True,13503.29,5225.71,2,Bad experience,18729
103,1105,HP Shoes Mini,Fashion,38054,4,Chennai,2026-08-07 02:54:56.479286,Delivered,True,26440.62,46453.51,4,Amazing product!,152216
104,1670,LG Router X,Electronics,2848,5,Pune,2026-08-04 02:54:56.479295,Shipped,True,2469.31,1893.45,5,Superb quality!,14240
105,1484,OnePlus Tablet Plus,Electronics,22838,3,Pune,2026-08-05 02:54:56.479305,Delivered,True,15977.28,20582.17,5,Best purchase ever,68514
106,1560,Nikon Jeans Plus,Fashion,24308,4,Kolkata,2026-08-04 02:54:56.479314,Cancelled,True,14600.82,38828.72,3,Decent quality,97232
107,1260,HP Jacket Prime,Fashion,46512,1,Kolkata,2026-08-05 02:54:56.479326,Delivered,True,29866.97,16645.03,4,Loved it!,46512
108,1110,Lenovo Shoes X,Fashion,12790,1,Hyderabad,2026-07-28 02:54:56.479335,Delivered,False,10837.81,1952.19,2,Not worth it,12790
109,1986,Zara Laptop Neo,Electronics,3547,5,Chennai,2026-08-07 02:54:56.479347,Delivered,True,2828.86,3590.68,5,Highly recommended!,17735
110,1748,Sony TV Core,Electronics,35257,1,Hyderabad,2026-07-08 02:54:56.479356,Delivered,False,30931.36,4325.64,2,Waste of money,35257
111,1280,OnePlus Jeans Core,Fashion,7286,4,Chennai,2026-07-18 02:54:56.479366,Delivered,False,5286.72,7997.13,5,Superb quality!,29144
112,1306,Nike Phone Core,Electronics,22969,3,Hyderabad,2026-07-09 02:54:56.479376,Cancelled,False,14733.56,24706.33,5,Fantastic experience,68907
113,1943,OnePlus Router Elite,Electronics,36401,3,Pune,2026-08-05 02:54:56.479391,Cancelled,True,28656.7,23232.91,3,Could be better,109203
114,1596,Nike Router Edge,Electronics,47056,2,Kolkata,2026-07-12 02:54:56.479401,Placed,False,38973.31,16165.38,5,Top notch quality,94112
115,1025,Canon Router Max,Electronics,44222,4,Chennai,2026-07-06 02:54:56.479411,Delivered,False,37256.66,27861.38,5,Loved it!,176888
116,1859,HP TV Prime,Electronics,3977,1,Delhi,2026-08-06 02:54:56.479420,Cancelled,True,3559.65,417.35,3,Not bad,3977
117,1760,Boat Jeans Elite,Fashion,19842,2,Pune,2026-08-06 02:54:56.479432,Delivered,True,12515.22,14653.56,5,Superb quality!,39684
118,1979,LG Speaker Mini,Electronics,25986,2,Hyderabad,2026-07-12 02:54:56.479442,Placed,False,22814.29,6343.42,4,Very satisfied,51972
119,1933,Puma Watch Elite,Electronics,45401,3,Pune,2026-08-04 02:54:56.479453,Shipped,True,30006.71,46182.87,4,Superb quality!,136203
120,1985,Canon Router Mini,Electronics,47000,3,Mumbai,2026-08-05 02:54:56.479463,Shipped,True,34528.29,37415.13,1,Waste of money,141000
121,1164,Xiaomi Bag Ultra,Fashion,34175,1,Kolkata,2026-08-02 02:54:56.479472,Delivered,False,23366.6,10808.4,3,Not bad,34175
122,1792,Dell Watch Plus,Electronics,17212,1,Pune,2026-07-20 02:54:56.479482,Cancelled,False,10533.44,6678.56,3,Average experience,17212
123,1979,HP T-shirt Elite,Fashion,43877,3,Mumbai,2026-07-09 02:54:56.479491,Shipped,False,27285.54,49774.39,3,Works fine,131631
124,1679,Lenovo Jacket Neo,Fashion,4968,5,Bangalore,2026-08-07 02:54:56.479501,Delivered,True,3117.84,9250.82,2,Very poor quality,24840
125,1684,Adidas Phone X,Electronics,24145,3,Bangalore,2026-08-08 02:54:56.479510,Delivered,True,21706.1,7316.71,1,Bad experience,72435
126,1262,Canon Bag Pro,Fashion,16251,5,Kolkata,2026-08-04 02:54:56.479522,Shipped,True,11609.91,23205.47,1,Terrible product,81255
127,1328,H&M Router Plus,Electronics,19035,1,Kolkata,2026-07-18 02:54:56.479532,Delivered,False,14200.9,4834.1,3,Works fine,19035
128,1855,OnePlus Jacket Neo,Fashion,6788,2,Delhi,2026-08-04 02:54:56.479542,Cancelled,True,5437.87,2700.26,2,Terrible product,13576
129,1089,Lenovo Headphones Pro,Electronics,35742,4,Delhi,2026-08-05 02:54:56.479552,Placed,True,26369.29,37490.85,3,Average experience,142968
130,1461,Sony Camera Air,Electronics,12164,3,Pune,2026-08-08 02:54:56.479562,Cancelled,True,10622.77,4623.68,4,Very satisfied,36492
131,1774,Realme Shoes Prime,Fashion,28878,3,Pune,2026-08-07 02:54:56.479572,Placed,True,21960.28,20753.15,5,Loved it!,86634
132,1288,Puma Phone Max,Electronics,3482,1,Hyderabad,2026-07-05 02:54:56.479583,Placed,False,2391.96,1090.04,3,Okay product,3482
133,1139,LG Phone Max,Electronics,29183,4,Pune,2026-07-08 02:54:56.479593,Placed,False,21659.51,30093.94,5,Superb quality!,116732
134,1126,Lenovo Phone Elite,Electronics,36264,3,Delhi,2026-08-06 02:54:56.479602,Shipped,True,32174.06,12269.83,1,Waste of money,108792
135,1422,Sony TV Core,Electronics,38033,5,Pune,2026-07-17 02:54:56.479612,Placed,False,26296.3,58683.52,3,Works fine,190165
136,1117,Adidas Tablet Plus,Electronics,34090,2,Mumbai,2026-08-05 02:54:56.479622,Cancelled,True,26762.88,14654.24,3,Works fine,68180
137,1100,Puma Camera X,Electronics,37678,1,Mumbai,2026-07-14 02:54:56.479632,Placed,False,25892.16,11785.84,1,Disappointed,37678
138,1291,Adidas Watch Plus,Electronics,38549,4,Kolkata,2026-07-23 02:54:56.479642,Cancelled,False,30892.73,30625.07,2,Bad experience,154196
139,1579,HP Bag Edge,Fashion,13181,3,Kolkata,2026-07-20 02:54:56.479653,Shipped,False,10345.8,8505.59,3,Not bad,39543
140,1283,Sony Watch Pro,Electronics,21231,4,Hyderabad,2026-08-04 02:54:56.479663,Shipped,True,14306.56,27697.75,2,Terrible product,84924
141,1564,Zara Jacket Core,Fashion,9301,3,Delhi,2026-07-20 02:54:56.479672,Delivered,False,6581.6,8158.21,3,Nothing special,27903
142,1751,HP Camera Pro,Electronics,42806,5,Pune,2026-08-06 02:54:56.479684,Cancelled,True,37129.46,28382.71,2,Disappointed,214030
143,1787,H&M Jeans Pro,Fashion,48172,1,Kolkata,2026-08-08 02:54:56.479694,Placed,True,40647.18,7524.82,5,Very satisfied,48172
144,1401,Nikon Phone X,Electronics,2902,5,Mumbai,2026-07-17 02:54:56.479703,Delivered,False,2310.49,2957.54,2,Not worth it,14510
145,1678,Canon Jacket Air,Fashion,39140,3,Mumbai,2026-08-07 02:54:56.479713,Placed,True,28143.05,32990.85,5,Amazing product!,117420
146,1753,Asus Headphones Air,Electronics,40741,2,Pune,2026-08-07 02:54:56.479724,Cancelled,True,26634.17,28213.67,5,Highly recommended!,81482
147,1043,Apple Bag Pro,Fashion,24014,1,Pune,2026-08-07 02:54:56.479734,Cancelled,True,14861.26,9152.74,3,Works fine,24014
148,1105,Lenovo Headphones Pro,Electronics,34440,3,Pune,2026-07-19 02:54:56.479744,Delivered,False,29772.2,14003.41,1,Not worth it,103320
149,1601,Zara Router Core,Electronics,34668,3,Pune,2026-07-16 02:54:56.479753,Cancelled,False,24718.21,29849.37,4,Worth every penny,104004
150,1498,HP Headphones Ultra,Electronics,5601,5,Hyderabad,2026-07-22 02:54:56.479763,Cancelled,False,4228.26,6863.7,3,Could be better,28005
151,1216,Canon Phone Pro,Electronics,40097,1,Mumbai,2026-08-07 02:54:56.479773,Cancelled,True,26824.78,13272.22,5,Excellent performance,40097
152,1691,Canon Shoes X,Fashion,10812,3,Chennai,2026-08-05 02:54:56.479784,Delivered,True,9118.32,5081.04,1,Will not recommend,32436
153,1137,Samsung Headphones Air,Electronics,14308,5,Pune,2026-08-07 02:54:56.479796,Placed,True,9630.73,23386.35,2,Waste of money,71540
154,1613,Canon Laptop Ultra,Electronics,3068,5,Kolkata,2026-08-04 02:54:56.479806,Cancelled,True,2078.5,4947.49,2,Terrible product,15340
155,1174,JBL Router Max,Electronics,1720,3,Mumbai,2026-08-05 02:54:56.479816,Delivered,True,1344.97,1125.1,4,Top notch quality,5160
156,1171,Canon Watch Pro,Electronics,27420,5,Pune,2026-08-08 02:54:56.479825,Cancelled,True,21578.54,29207.3,5,Excellent performance,137100
157,1207,Boat Shoes Neo,Fashion,22957,4,Kolkata,2026-08-05 02:54:56.479835,Delivered,True,16428.91,26112.34,1,Not satisfied,91828
158,1039,Adidas Tablet Ultra,Electronics,33553,4,Hyderabad,2026-08-08 02:54:56.479844,Placed,True,21917.71,46541.14,5,Best purchase ever,134212
159,1918,Zara Jacket Prime,Fashion,33486,1,Hyderabad,2026-08-07 02:54:56.479854,Cancelled,True,29152.76,4333.24,5,Amazing product!,33486
160,1960,Samsung Watch Ultra,Electronics,43048,4,Hyderabad,2026-07-23 02:54:56.479865,Placed,False,34838.44,32838.25,4,Superb quality!,172192
161,1290,Canon Phone Pro,Electronics,25484,3,Kolkata,2026-08-07 02:54:56.479875,Cancelled,True,17236.24,24743.28,2,Bad experience,76452
162,1532,Nikon Bag Air,Fashion,36133,4,Delhi,2026-07-28 02:54:56.479884,Placed,False,29366.9,27064.39,1,Bad experience,144532
163,1259,Asus Jacket Plus,Fashion,43396,2,Bangalore,2026-07-21 02:54:56.479894,Shipped,False,27425.19,31941.63,4,Best purchase ever,86792
164,1423,OnePlus Jacket Prime,Fashion,35634,4,Kolkata,2026-07-15 02:54:56.479904,Shipped,False,31982.93,14604.3,4,Superb quality!,142536
165,1792,Nikon Camera Max,Electronics,37040,4,Pune,2026-08-06 02:54:56.479913,Delivered,True,25043.98,47984.09,3,Could be better,148160
166,1219,Nikon Router Pro,Electronics,48720,2,Kolkata,2026-08-05 02:54:56.479958,Delivered,True,40677.92,16084.15,2,Bad experience,97440
167,1843,Nikon TV Max,Electronics,22679,5,Mumbai,2026-08-05 02:54:56.479972,Delivered,True,20170.05,12544.77,1,Bad experience,113395
168,1741,Acer Speaker Ultra,Electronics,39837,4,Chennai,2026-08-04 02:54:56.479982,Shipped,True,26552.6,53137.61,1,Not satisfied,159348
169,1449,H&M Watch Max,Electronics,26756,5,Delhi,2026-07-12 02:54:56.479991,Placed,False,23644.67,15556.64,2,Will not recommend,133780
170,1715,Zara Tablet Air,Electronics,43549,5,Mumbai,2026-07-28 02:54:56.480001,Placed,False,36371.59,35887.03,5,Fantastic experience,217745
171,1798,Adidas Jeans Air,Fashion,11607,1,Chennai,2026-07-27 02:54:56.480011,Placed,False,10361.5,1245.5,1,Disappointed,11607
172,1562,Asus Phone Elite,Electronics,44386,4,Bangalore,2026-07-16 02:54:56.480022,Cancelled,False,33525.76,43440.97,1,Bad experience,177544
173,1952,Adidas Watch Plus,Electronics,37142,5,Chennai,2026-07-23 02:54:56.480034,Shipped,False,24806.72,61676.4,2,Will not recommend,185710
174,1348,HP Tablet Plus,Electronics,804,3,Delhi,2026-08-07 02:54:56.480044,Placed,True,617.14,560.57,5,Excellent performance,2412
175,1788,LG Headphones Prime,Electronics,34138,3,Mumbai,2026-07-12 02:54:56.480054,Delivered,False,30376.56,11284.32,5,Top notch quality,102414
176,1391,HP Jacket Pro,Fashion,22760,4,Pune,2026-07-06 02:54:56.480064,Placed,False,16946.89,23252.43,3,Okay product,91040
177,1254,Asus Shoes Mini,Fashion,14942,2,Bangalore,2026-07-21 02:54:56.480074,Shipped,False,11280.48,7323.04,1,Disappointed,29884
178,1915,Puma Shoes Pro,Fashion,26644,3,Kolkata,2026-08-08 02:54:56.480083,Cancelled,True,19795.6,20545.19,3,Works fine,79932
179,1211,OnePlus Camera Ultra,Electronics,12478,2,Mumbai,2026-07-11 02:54:56.480093,Cancelled,False,8365.98,8224.04,2,Disappointed,24956
180,1628,Zara Tablet Air,Electronics,16864,5,Delhi,2026-07-30 02:54:56.480104,Placed,False,10724.89,30695.55,1,Will not recommend,84320
181,1502,Canon Tablet Edge,Electronics,35986,1,Mumbai,2026-07-23 02:54:56.480114,Shipped,False,26906.81,9079.19,5,Excellent performance,35986
182,1962,Canon Tablet Edge,Electronics,33997,3,Kolkata,2026-07-27 02:54:56.480124,Cancelled,False,20950.46,39139.61,4,Top notch quality,101991
183,1323,JBL Bag Max,Fashion,33430,3,Pune,2026-07-07 02:54:56.480133,Cancelled,False,24643.22,26360.34,1,Will not recommend,100290
184,1191,Canon Shoes Core,Fashion,1274,2,Kolkata,2026-07-16 02:54:56.480143,Placed,False,888.78,770.44,5,Excellent performance,2548
185,1215,Apple Router Neo,Electronics,16041,3,Chennai,2026-07-04 02:54:56.480152,Shipped,False,11385.54,13966.39,4,Very satisfied,48123
186,1589,OnePlus Camera Edge,Electronics,49795,3,Pune,2026-07-07 02:54:56.480161,Delivered,False,34054.25,47222.26,2,Waste of money,149385
187,1819,Apple Laptop Edge,Electronics,7045,3,Pune,2026-08-08 02:54:56.480173,Delivered,True,6036.81,3024.57,2,Waste of money,21135
188,1737,Panasonic Laptop Air,Electronics,31497,1,Bangalore,2026-08-07 02:54:56.480182,Delivered,True,20168.84,11328.16,5,Fantastic experience,31497
189,1220,Nike T-shirt Edge,Fashion,32391,3,Hyderabad,2026-07-17 02:54:56.480192,Placed,False,23305.99,27255.03,2,Not satisfied,97173
190,1352,Apple Bag X,Fashion,31730,1,Delhi,2026-07-11 02:54:56.480201,Shipped,False,21510.74,10219.26,3,Decent quality,31730
191,1332,JBL Jacket Air,Fashion,8445,3,Pune,2026-08-08 02:54:56.480211,Cancelled,True,7548.24,2690.27,3,Could be better,25335
192,1655,Acer T-shirt Ultra,Fashion,32448,4,Hyderabad,2026-08-07 02:54:56.480221,Shipped,True,23983.15,33859.41,2,Waste of money,129792
193,1321,JBL Router Air,Electronics,22611,4,Bangalore,2026-07-07 02:54:56.480234,Placed,False,14103.24,34031.04,3,Works fine,90444
194,1423,Canon Jeans Mini,Fashion,19594,3,Mumbai,2026-07-26 02:54:56.480244,Delivered,False,16347.12,9740.64,3,Nothing special,58782
195,1097,LG Phone Plus,Electronics,2013,2,Delhi,2026-08-06 02:54:56.480254,Placed,True,1334.96,1356.07,4,Loved it!,4026
196,1268,Sony Speaker Prime,Electronics,31510,5,Kolkata,2026-08-04 02:54:56.480264,Delivered,True,23859.21,38253.95,1,Bad experience,157550
197,1134,JBL Speaker Neo,Electronics,6025,4,Kolkata,2026-07-27 02:54:56.480273,Cancelled,False,4948.2,4307.2,4,Highly recommended!,24100
198,1957,Apple Watch Prime,Electronics,11680,1,Bangalore,2026-08-06 02:54:56.480283,Shipped,True,10036.3,1643.7,4,Fantastic experience,11680
199,1536,Boat Headphones Plus,Electronics,29653,2,Pune,2026-08-08 02:54:56.480292,Delivered,True,23405.54,12494.93,5,Very satisfied,59306
200,1374,Panasonic Tablet Ultra,Electronics,35482,3,Chennai,2026-07-19 02:54:56.480304,Cancelled,False,29854.99,16881.02,4,Excellent performance,106446
201,1008,Nike Laptop Plus,Electronics,10705,3,Pune,2026-08-04 02:54:56.480313,Cancelled,True,7527.39,9532.84,4,Fantastic experience,32115
202,1815,H&M Speaker Air,Electronics,32739,4,Delhi,2026-08-03 02:54:56.480323,Delivered,False,27480.77,21032.92,5,Superb quality!,130956
203,1848,Boat Headphones Plus,Electronics,24987,2,Chennai,2026-07-06 02:54:56.480332,Delivered,False,17951.3,14071.4,2,Terrible product,49974
204,1291,H&M Speaker Plus,Electronics,17734,1,Pune,2026-07-14 02:54:56.480342,Cancelled,False,13388.87,4345.13,5,Excellent performance,17734
205,1652,LG Camera Plus,Electronics,35361,3,Chennai,2026-07-28 02:54:56.480352,Placed,False,23151.63,36628.11,3,Okay product,106083
206,1190,OnePlus Headphones Max,Electronics,30172,3,Delhi,2026-07-28 02:54:56.480366,Shipped,False,18278.76,35679.72,1,Not satisfied,90516
207,1505,Panasonic Speaker Pro,Electronics,18141,2,Mumbai,2026-07-11 02:54:56.480376,Placed,False,12151.62,11978.75,2,Not satisfied,36282
208,1082,Panasonic Jeans Edge,Fashion,28041,3,Hyderabad,2026-07-23 02:54:56.480385,Delivered,False,22687.42,16060.73,1,Not worth it,84123
209,1196,HP Router Plus,Electronics,10074,1,Hyderabad,2026-07-10 02:54:56.480395,Delivered,False,6260.14,3813.86,4,Highly recommended!,10074
210,1755,OnePlus Watch Plus,Electronics,25507,1,Delhi,2026-08-05 02:54:56.480404,Delivered,True,21205.69,4301.31,4,Superb quality!,25507
211,1162,Boat Phone Ultra,Electronics,30701,1,Pune,2026-08-07 02:54:56.480416,Delivered,True,24696.89,6004.11,3,Could be better,30701
212,1908,Nike Headphones Elite,Electronics,3264,5,Delhi,2026-08-06 02:54:56.480426,Delivered,True,2583.64,3401.81,2,Not worth it,16320
213,1598,Samsung TV Prime,Electronics,44192,2,Delhi,2026-08-05 02:54:56.480435,Delivered,True,30817.47,26749.06,2,Disappointed,88384
214,1789,Realme Watch Plus,Electronics,16431,1,Delhi,2026-08-08 02:54:56.480444,Delivered,True,13251.96,3179.04,2,Not worth it,16431
215,1364,Realme Watch Core,Electronics,10834,4,Pune,2026-08-08 02:54:56.480453,Shipped,True,9525.84,5232.62,1,Not satisfied,43336
216,1824,Lenovo Laptop Edge,Electronics,46462,5,Chennai,2026-08-05 02:54:56.480463,Delivered,True,31120.36,76708.21,5,Worth every penny,232310
217,1723,Xiaomi TV Neo,Electronics,13146,1,Chennai,2026-07-23 02:54:56.480472,Cancelled,False,8876.3,4269.7,1,Will not recommend,13146
218,1281,Panasonic Shoes Mini,Fashion,19814,5,Hyderabad,2026-07-28 02:54:56.480485,Cancelled,False,15119.79,23471.05,3,Nothing special,99070
219,1464,Canon Watch Pro,Electronics,39735,5,Delhi,2026-08-04 02:54:56.480495,Cancelled,True,29197.88,52685.58,3,Could be better,198675
220,1794,Panasonic Bag Ultra,Fashion,42313,5,Kolkata,2026-07-11 02:54:56.480504,Cancelled,False,36595.66,28586.72,5,Worth every penny,211565
221,1330,Realme Speaker Core,Electronics,21517,1,Chennai,2026-07-28 02:54:56.480514,Delivered,False,17853.09,3663.91,2,Disappointed,21517
222,1894,HP Tablet Max,Electronics,21604,1,Delhi,2026-08-08 02:54:56.480523,Placed,True,13246.13,8357.87,2,Waste of money,21604
223,1538,Zara Tablet Air,Electronics,7515,4,Kolkata,2026-08-04 02:54:56.480532,Placed,True,5796.35,6874.61,4,Top notch quality,30060
224,1952,OnePlus Router Elite,Electronics,39185,3,Mumbai,2026-08-06 02:54:56.480542,Cancelled,True,30634.29,25652.14,1,Not satisfied,117555
225,1813,Canon Speaker Max,Electronics,32704,1,Pune,2026-07-09 02:54:56.480553,Placed,False,23163.52,9540.48,4,Worth every penny,32704
226,1103,H&M Headphones Core,Electronics,40931,3,Pune,2026-08-04 02:54:56.480563,Shipped,True,25515.59,46246.22,2,Bad experience,122793
227,1764,Lenovo Phone Ultra,Electronics,35342,4,Delhi,2026-08-05 02:54:56.480572,Cancelled,True,27248.98,32372.1,2,Terrible product,141368
228,1170,Asus TV Mini,Electronics,42352,5,Hyderabad,2026-07-13 02:54:56.480581,Delivered,False,34337.52,40072.38,4,Loved it!,211760
229,1955,Boat T-shirt Ultra,Fashion,36542,4,Bangalore,2026-07-13 02:54:56.480590,Cancelled,False,27778.14,35055.45,5,Top notch quality,146168
230,1623,OnePlus Phone Edge,Electronics,21153,5,Mumbai,2026-07-07 02:54:56.480599,Shipped,False,15308.49,29222.55,4,Worth every penny,105765
231,1982,Puma TV Pro,Electronics,36258,2,Chennai,2026-07-10 02:54:56.480609,Shipped,False,25670.76,21174.49,4,Top notch quality,72516
232,1307,Zara Shoes Edge,Fashion,48099,1,Mumbai,2026-07-15 02:54:56.480620,Placed,False,36328.35,11770.65,3,Average experience,48099
233,1159,Canon Camera Pro,Electronics,21137,1,Mumbai,2026-07-05 02:54:56.480630,Cancelled,False,13280.08,7856.92,4,Worth every penny,21137
234,1582,OnePlus Speaker Air,Electronics,24557,5,Mumbai,2026-08-05 02:54:56.480640,Shipped,True,20709.47,19237.67,1,Terrible product,122785
235,1609,Xiaomi TV Neo,Electronics,5559,3,Pune,2026-07-29 02:54:56.480651,Delivered,False,4712.43,2539.71,5,Loved it!,16677
236,1900,Sony Bag Edge,Fashion,2949,5,Hyderabad,2026-08-01 02:54:56.480661,Placed,False,2584.98,1820.1,3,Could be better,14745
237,1312,HP Tablet Mini,Electronics,27797,1,Kolkata,2026-08-08 02:54:56.480672,Placed,True,21964.25,5832.75,4,Amazing product!,27797
238,1770,Lenovo TV Mini,Electronics,21426,5,Kolkata,2026-08-06 02:54:56.480684,Cancelled,True,13840.32,37928.39,4,Top notch quality,107130
239,1344,HP Tablet Plus,Electronics,33577,1,Delhi,2026-08-07 02:54:56.480693,Shipped,True,28067.37,5509.63,2,Waste of money,33577
240,1780,H&M Phone Edge,Electronics,37949,1,Mumbai,2026-07-26 02:54:56.480702,Placed,False,27306.51,10642.49,4,Highly recommended!,37949
241,1248,Canon Phone Pro,Electronics,37154,2,Delhi,2026-07-22 02:54:56.480711,Cancelled,False,28547.29,17213.43,5,Superb quality!,74308
242,1328,Panasonic Jeans Ultra,Fashion,28684,3,Bangalore,2026-08-04 02:54:56.480721,Delivered,True,20855.05,23486.85,3,Works fine,86052
243,1149,Nikon Jeans Edge,Fashion,43452,1,Chennai,2026-07-29 02:54:56.480731,Shipped,False,34104.01,9347.99,4,Best purchase ever,43452
244,1971,Sony Jacket Elite,Fashion,15801,2,Kolkata,2026-07-30 02:54:56.480743,Placed,False,10013.28,11575.45,1,Very poor quality,31602
245,1339,LG Phone Max,Electronics,10178,3,Mumbai,2026-08-06 02:54:56.480754,Placed,True,7038.45,9418.66,4,Amazing product!,30534
246,1711,Puma T-shirt Edge,Fashion,35758,2,Pune,2026-08-08 02:54:56.480764,Shipped,True,27342.0,16832.0,5,Highly recommended!,71516
247,1054,Nike T-shirt Ultra,Fashion,1705,4,Chennai,2026-08-06 02:54:56.480773,Cancelled,True,1053.75,2605.01,2,Disappointed,6820
248,1019,Canon Speaker Max,Electronics,1046,1,Bangalore,2026-07-13 02:54:56.480783,Shipped,False,835.64,210.36,3,Okay product,1046
249,1544,JBL Shoes X,Fashion,43059,4,Delhi,2026-08-07 02:54:56.480792,Placed,True,37511.35,22190.61,4,Best purchase ever,172236
250,1341,Canon Shoes X,Fashion,13533,5,Chennai,2026-07-17 02:54:56.480802,Placed,False,8281.19,26259.05,5,Excellent performance,67665
251,1513,Dell Headphones Core,Electronics,49284,2,Bangalore,2026-08-06 02:54:56.480811,Shipped,True,34824.74,28918.53,3,Works fine,98568
252,1155,Samsung Speaker Pro,Electronics,4563,3,Bangalore,2026-07-06 02:54:56.480826,Placed,False,4030.23,1598.31,3,Works fine,13689
253,1436,HP Headphones Ultra,Electronics,26245,2,Bangalore,2026-08-07 02:54:56.480836,Cancelled,True,19032.87,14424.25,5,Highly recommended!,52490
254,1883,Boat Phone Elite,Electronics,40173,3,Mumbai,2026-07-17 02:54:56.480845,Cancelled,False,26595.62,40732.15,2,Very poor quality,120519
255,1325,Acer Tablet Air,Electronics,45623,5,Delhi,2026-08-07 02:54:56.480855,Cancelled,True,36355.58,46337.11,5,Highly recommended!,228115
256,1984,Samsung Bag Neo,Fashion,35428,1,Chennai,2026-08-06 02:54:56.480864,Cancelled,True,28984.49,6443.51,3,Just okay,35428
257,1620,Apple Laptop Prime,Electronics,29532,3,Kolkata,2026-08-05 02:54:56.480874,Placed,True,18884.64,31942.07,1,Disappointed,88596
258,1514,Samsung Shoes Mini,Fashion,15633,5,Hyderabad,2026-08-05 02:54:56.480884,Placed,True,11064.7,22841.5,4,Highly recommended!,78165
259,1231,Canon Jacket Max,Fashion,31220,3,Delhi,2026-08-07 02:54:56.480895,Delivered,True,23170.05,24149.85,2,Very poor quality,93660
260,1949,Nike Phone Prime,Electronics,1483,3,Chennai,2026-07-27 02:54:56.480905,Cancelled,False,1226.93,768.2,1,Waste of money,4449
261,1794,JBL Laptop Core,Electronics,40939,4,Delhi,2026-07-07 02:54:56.480915,Delivered,False,35464.48,21898.1,4,Very satisfied,163756
262,1846,Acer Jeans Ultra,Fashion,48690,4,Delhi,2026-07-22 02:54:56.480940,Placed,False,36819.12,47483.51,4,Top notch quality,194760
263,1194,Acer Headphones Ultra,Electronics,16603,5,Bangalore,2026-07-11 02:54:56.480951,Placed,False,12739.65,19316.74,5,Amazing product!,83015
264,1706,Adidas Phone Neo,Electronics,26585,3,Kolkata,2026-07-20 02:54:56.480961,Cancelled,False,19320.35,21793.96,5,Amazing product!,79755
265,1138,OnePlus Phone Edge,Electronics,9821,4,Chennai,2026-08-01 02:54:56.480970,Placed,False,6422.26,13594.96,5,Fantastic experience,39284
266,1092,LG Router X,Electronics,21698,4,Bangalore,2026-08-05 02:54:56.480982,Delivered,True,16861.4,19346.4,2,Will not recommend,86792
267,1536,Nike Bag Plus,Fashion,45832,2,Pune,2026-08-04 02:54:56.480994,Placed,True,37209.53,17244.93,3,Okay product,91664
268,1579,H&M TV Plus,Electronics,48136,5,Hyderabad,2026-08-07 02:54:56.481004,Delivered,True,29515.64,93101.81,2,Not worth it,240680
269,1295,Asus Tablet Neo,Electronics,10336,2,Pune,2026-08-05 02:54:56.481014,Placed,True,7502.64,5666.72,3,Nothing special,20672
270,1556,Boat T-shirt Ultra,Fashion,8204,2,Hyderabad,2026-08-04 02:54:56.481026,Shipped,True,4952.45,6503.11,4,Top notch quality,16408
271,1615,Sony TV Core,Electronics,40344,4,Kolkata,2026-08-05 02:54:56.481035,Delivered,True,29698.09,42583.65,4,Loved it!,161376
272,1668,Nike Camera X,Electronics,16537,5,Bangalore,2026-07-15 02:54:56.481044,Cancelled,False,10164.89,31860.54,2,Not satisfied,82685
273,1165,OnePlus Headphones Plus,Electronics,10027,1,Pune,2026-07-24 02:54:56.481054,Placed,False,6163.69,3863.31,4,Highly recommended!,10027
274,1330,Realme Speaker Ultra,Electronics,40548,5,Bangalore,2026-08-07 02:54:56.481064,Shipped,True,35659.69,24441.53,1,Disappointed,202740
275,1711,HP Headphones Ultra,Electronics,25334,1,Hyderabad,2026-07-08 02:54:56.481073,Placed,False,17425.99,7908.01,2,Bad experience,25334
276,1111,Xiaomi Shoes Ultra,Fashion,22075,5,Kolkata,2026-07-18 02:54:56.481082,Cancelled,False,17853.13,21109.35,5,Amazing product!,110375
277,1538,Samsung Shoes Ultra,Fashion,41720,5,Kolkata,2026-08-07 02:54:56.481092,Shipped,True,30377.0,56714.99,3,Decent quality,208600
278,1725,Realme Headphones Max,Electronics,23690,2,Bangalore,2026-07-18 02:54:56.481102,Delivered,False,17714.23,11951.54,2,Very poor quality,47380
279,1423,Sony Router Elite,Electronics,603,1,Delhi,2026-08-07 02:54:56.481113,Placed,True,495.21,107.79,2,Terrible product,603
280,1315,Dell Phone Elite,Electronics,23414,5,Bangalore,2026-08-04 02:54:56.481123,Cancelled,True,18895.22,22593.91,3,Okay product,117070
281,1983,Apple Speaker Mini,Electronics,36544,3,Delhi,2026-08-04 02:54:56.481132,Shipped,True,25668.82,32625.55,5,Best purchase ever,109632
282,1816,JBL Laptop Elite,Electronics,12010,2,Delhi,2026-07-08 02:54:56.481141,Shipped,False,10528.97,2962.05,4,Top notch quality,24020
283,1855,Samsung Headphones Prime,Electronics,9396,4,Kolkata,2026-08-07 02:54:56.481151,Shipped,True,6941.21,9819.16,4,Amazing product!,37584
284,1992,Sony Bag Edge,Fashion,37524,3,Mumbai,2026-08-05 02:54:56.481160,Shipped,True,31514.93,18027.21,3,Okay product,112572
285,1609,Xiaomi Watch Neo,Electronics,2542,3,Delhi,2026-07-14 02:54:56.481170,Cancelled,False,1960.63,1744.11,4,Highly recommended!,7626
286,1898,Samsung TV Prime,Electronics,49752,3,Mumbai,2026-07-12 02:54:56.481181,Placed,False,33903.46,47545.61,1,Will not recommend,149256
287,1796,Apple Bag Max,Fashion,30116,3,Mumbai,2026-08-08 02:54:56.481191,Shipped,True,19650.81,31395.58,3,Average experience,90348
288,1317,Panasonic Router Ultra,Electronics,6568,4,Hyderabad,2026-08-07 02:54:56.481202,Cancelled,True,4315.59,9009.63,4,Fantastic experience,26272
289,1004,HP Phone Plus,Electronics,9890,1,Bangalore,2026-08-05 02:54:56.481213,Placed,True,7296.95,2593.05,5,Loved it!,9890
290,1023,Nike Speaker Pro,Electronics,3385,5,Kolkata,2026-08-06 02:54:56.481222,Delivered,True,2933.97,2255.16,1,Disappointed,16925
291,1791,HP Jacket Ultra,Fashion,20956,2,Chennai,2026-07-28 02:54:56.481232,Cancelled,False,14375.19,13161.62,5,Worth every penny,41912
292,1526,Puma Camera X,Electronics,8210,3,Delhi,2026-08-05 02:54:56.481241,Shipped,True,5207.92,9006.25,5,Fantastic experience,24630
293,1175,Lenovo Headphones Pro,Electronics,36055,3,Delhi,2026-07-26 02:54:56.481252,Cancelled,False,31835.96,12657.11,3,Works fine,108165
294,1392,Adidas Headphones Neo,Electronics,40690,3,Delhi,2026-08-02 02:54:56.481262,Cancelled,False,24767.91,47766.26,1,Bad experience,122070
295,1837,Adidas T-shirt X,Fashion,28448,4,Mumbai,2026-08-08 02:54:56.481271,Delivered,True,22328.68,24477.27,3,Could be better,113792
296,1466,Xiaomi Phone Max,Electronics,44466,5,Bangalore,2026-08-07 02:54:56.481281,Cancelled,True,27919.08,82734.58,4,Loved it!,222330
297,1934,Apple Camera Neo,Electronics,42732,4,Bangalore,2026-07-27 02:54:56.481290,Cancelled,False,27481.65,61001.38,5,Excellent performance,170928
298,1359,Lenovo Phone Elite,Electronics,12516,3,Chennai,2026-07-20 02:54:56.481300,Delivered,False,7623.24,14678.29,4,Loved it!,37548
299,1333,LG Watch Pro,Electronics,11693,3,Kolkata,2026-07-15 02:54:56.481312,Cancelled,False,8797.64,8686.09,4,Loved it!,35079
300,1997,Sony Phone X,Electronics,5148,3,Chennai,2026-07-22 02:54:56.481322,Delivered,False,3457.26,5072.23,2,Waste of money,15444
301,1806,H&M TV Plus,Electronics,4829,3,Bangalore,2026-08-08 02:54:56.481331,Delivered,True,4033.64,2386.09,4,Best purchase ever,14487
302,1333,HP Speaker Pro,Electronics,45990,2,Kolkata,2026-08-04 02:54:56.481340,Delivered,True,29171.31,33637.37,5,Top notch quality,91980
303,1335,Nikon Router Neo,Electronics,29677,2,Chennai,2026-07-04 02:54:56.481350,Delivered,False,18425.92,22502.15,1,Terrible product,59354
304,1676,Samsung Headphones Prime,Electronics,43764,1,Mumbai,2026-08-05 02:54:56.481359,Cancelled,True,37907.43,5856.57,1,Waste of money,43764
305,1583,H&M T-shirt Neo,Fashion,35316,3,Hyderabad,2026-07-15 02:54:56.481369,Delivered,False,23262.65,36160.05,3,Decent quality,105948
306,1626,Panasonic Router Ultra,Electronics,45035,3,Kolkata,2026-07-12 02:54:56.481380,Shipped,False,40400.3,13904.09,5,Amazing product!,135105
307,1112,Panasonic TV Neo,Electronics,8859,3,Hyderabad,2026-08-06 02:54:56.481389,Placed,True,5317.64,10624.08,5,Worth every penny,26577
308,1390,Panasonic Speaker Pro,Electronics,2543,2,Chennai,2026-07-12 02:54:56.481399,Delivered,False,2002.78,1080.45,4,Very satisfied,5086
309,1157,Adidas Phone Air,Electronics,14342,2,Bangalore,2026-07-30 02:54:56.481408,Cancelled,False,10994.96,6694.09,3,Just okay,28684
310,1673,Sony TV Air,Electronics,44413,2,Chennai,2026-08-04 02:54:56.481425,Placed,True,35286.87,18252.25,2,Will not recommend,88826
311,1638,Puma Watch Elite,Electronics,9398,1,Mumbai,2026-08-07 02:54:56.481434,Delivered,True,8158.17,1239.83,5,Very satisfied,9398
312,1007,Acer Tablet Max,Electronics,33885,4,Kolkata,2026-07-22 02:54:56.481444,Shipped,False,22625.77,45036.92,4,Best purchase ever,135540
313,1721,H&M TV Edge,Electronics,48401,2,Bangalore,2026-07-21 02:54:56.481454,Shipped,False,29526.48,37749.05,1,Will not recommend,96802
314,1251,Realme T-shirt Edge,Fashion,38528,4,Chennai,2026-08-05 02:54:56.481463,Shipped,True,28490.72,40149.12,1,Bad experience,154112
315,1480,Canon Jeans Pro,Fashion,49107,1,Chennai,2026-07-15 02:54:56.481473,Placed,False,42775.91,6331.09,5,Amazing product!,49107
316,1171,Canon Laptop Ultra,Electronics,31251,5,Delhi,2026-07-21 02:54:56.481483,Shipped,False,27756.34,17473.31,3,Decent quality,156255
317,1672,Nike T-shirt Core,Fashion,39666,3,Bangalore,2026-08-02 02:54:56.481492,Delivered,False,30679.36,26959.91,5,Amazing product!,118998
318,1871,LG Tablet Max,Electronics,48824,5,Hyderabad,2026-08-06 02:54:56.481502,Delivered,True,30502.94,91605.29,5,Loved it!,244120
319,1931,Nike Headphones Prime,Electronics,17018,2,Kolkata,2026-07-26 02:54:56.481513,Shipped,False,10283.31,13469.38,1,Waste of money,34036
320,1185,Puma T-shirt Edge,Fashion,10404,4,Hyderabad,2026-07-09 02:54:56.481522,Cancelled,False,7057.82,13384.71,2,Will not recommend,41616
321,1243,HP Jeans Edge,Fashion,2668,3,Pune,2026-08-05 02:54:56.481531,Cancelled,True,2271.23,1190.32,4,Very satisfied,8004
322,1053,Adidas Phone Neo,Electronics,48079,2,Mumbai,2026-08-08 02:54:56.481542,Shipped,True,29630.98,36896.04,3,Okay product,96158
323,1268,Canon Phone Elite,Electronics,26632,4,Mumbai,2026-07-19 02:54:56.481552,Cancelled,False,19013.66,30473.37,4,Top notch quality,106528
324,1099,Xiaomi Speaker Elite,Electronics,28990,1,Kolkata,2026-07-05 02:54:56.481561,Delivered,False,20716.29,8273.71,3,Average experience,28990
325,1670,JBL Router Max,Electronics,23688,4,Kolkata,2026-07-24 02:54:56.481571,Shipped,False,16110.83,30308.67,1,Disappointed,94752
326,1560,Lenovo Phone Elite,Electronics,30719,2,Delhi,2026-08-08 02:54:56.481583,Shipped,True,24677.05,12083.91,2,Not worth it,61438
327,1224,H&M T-shirt Max,Fashion,1055,1,Pune,2026-08-07 02:54:56.481592,Placed,True,799.25,255.75,4,Worth every penny,1055
328,1973,Realme Speaker Ultra,Electronics,17008,2,Kolkata,2026-08-04 02:54:56.481601,Placed,True,10495.03,13025.93,5,Superb quality!,34016
329,1917,JBL Router Max,Electronics,8481,1,Delhi,2026-08-08 02:54:56.481611,Cancelled,True,6045.15,2435.85,5,Highly recommended!,8481
330,1708,Panasonic Speaker Ultra,Electronics,12575,3,Pune,2026-07-20 02:54:56.481620,Placed,False,9954.8,7860.6,3,Just okay,37725
331,1340,Canon Router Air,Electronics,21694,3,Delhi,2026-08-04 02:54:56.481632,Shipped,True,18073.96,10860.12,4,Very satisfied,65082
332,1182,HP Laptop Prime,Electronics,17845,2,Pune,2026-08-01 02:54:56.481642,Delivered,False,15950.34,3789.33,2,Terrible product,35690
333,1035,Apple Camera Max,Electronics,7606,2,Delhi,2026-07-28 02:54:56.481653,Placed,False,6645.99,1920.02,3,Okay product,15212
334,1680,Nike Bag Core,Fashion,37943,3,Chennai,2026-08-03 02:54:56.481663,Delivered,False,24460.19,40448.42,1,Not satisfied,113829
335,1446,Panasonic Jeans Ultra,Fashion,10435,3,Chennai,2026-07-16 02:54:56.481672,Placed,False,7874.41,7681.78,4,Top notch quality,31305
336,1580,Samsung Jeans X,Fashion,48194,1,Kolkata,2026-08-04 02:54:56.481682,Delivered,True,42711.77,5482.23,4,Loved it!,48194
337,1547,JBL Jeans Elite,Fashion,24022,3,Hyderabad,2026-07-22 02:54:56.481691,Placed,False,18969.74,15156.79,1,Not worth it,72066
338,1990,Sony Bag Mini,Fashion,22786,1,Chennai,2026-07-10 02:54:56.481700,Shipped,False,18099.78,4686.22,2,Not satisfied,22786
339,1086,LG Laptop Edge,Electronics,13017,3,Pune,2026-07-06 02:54:56.481710,Placed,False,10272.82,8232.53,3,Nothing special,39051
340,1500,OnePlus Laptop Neo,Electronics,48690,2,Chennai,2026-08-04 02:54:56.481721,Cancelled,True,29584.5,38211.0,5,Superb quality!,97380
341,1347,Apple Phone Prime,Electronics,35925,3,Delhi,2026-07-17 02:54:56.481730,Delivered,False,31972.25,11858.24,1,Not satisfied,107775
342,1962,H&M Jacket Elite,Fashion,47752,1,Pune,2026-07-31 02:54:56.481739,Cancelled,False,40213.44,7538.56,5,Top notch quality,47752
343,1482,Dell Headphones X,Electronics,35664,2,Kolkata,2026-08-04 02:54:56.481749,Placed,True,29267.23,12793.54,4,Amazing product!,71328
344,1625,Sony Jeans X,Fashion,16404,2,Mumbai,2026-08-05 02:54:56.481758,Placed,True,14294.42,4219.15,1,Will not recommend,32808
345,1064,Puma Speaker Elite,Electronics,39234,1,Hyderabad,2026-08-04 02:54:56.481767,Delivered,True,30543.4,8690.6,5,Superb quality!,39234
346,1140,Zara Tablet Air,Electronics,28432,3,Bangalore,2026-07-24 02:54:56.481777,Placed,False,25382.84,9147.49,5,Fantastic experience,85296
347,1172,Realme TV Core,Electronics,14474,1,Pune,2026-08-06 02:54:56.481788,Placed,True,9208.7,5265.3,2,Terrible product,14474
348,1796,Zara Laptop Air,Electronics,36768,2,Mumbai,2026-07-27 02:54:56.481797,Placed,False,23531.93,26472.13,5,Very satisfied,73536
349,1426,LG Router Ultra,Electronics,32413,1,Pune,2026-08-04 02:54:56.481807,Cancelled,True,28453.46,3959.54,5,Excellent performance,32413
350,1960,Lenovo Camera X,Electronics,31695,2,Mumbai,2026-08-05 02:54:56.481816,Shipped,True,23990.77,15408.46,4,Superb quality!,63390
351,1428,Canon Tablet Pro,Electronics,45829,1,Delhi,2026-08-07 02:54:56.481826,Placed,True,36120.47,9708.53,3,Could be better,45829
352,1224,Samsung Bag Neo,Fashion,15942,2,Chennai,2026-08-08 02:54:56.481837,Placed,True,12525.25,6833.5,5,Fantastic experience,31884
353,1509,Canon Router Air,Electronics,41555,2,Mumbai,2026-08-02 02:54:56.481847,Cancelled,False,26337.71,30434.57,2,Will not recommend,83110
354,1631,Boat Watch Plus,Electronics,44418,1,Hyderabad,2026-08-06 02:54:56.481858,Shipped,True,29443.67,14974.33,3,Could be better,44418
355,1527,H&M Camera Neo,Electronics,30197,1,Delhi,2026-08-04 02:54:56.481868,Cancelled,True,19549.95,10647.05,1,Will not recommend,30197
356,1797,Nike Bag Core,Fashion,15920,4,Delhi,2026-07-21 02:54:56.481877,Cancelled,False,13120.09,11199.65,3,Works fine,63680
357,1482,Puma Laptop Plus,Electronics,15427,1,Kolkata,2026-08-07 02:54:56.481886,Cancelled,True,10994.2,4432.8,2,Bad experience,15427
358,1468,Zara Watch Air,Electronics,4061,4,Pune,2026-08-05 02:54:56.481895,Delivered,True,2653.53,5629.87,3,Not bad,16244
359,1287,Sony Router Elite,Electronics,41920,3,Mumbai,2026-07-28 02:54:56.481905,Shipped,False,26751.82,45504.55,5,Amazing product!,125760
360,1808,Zara Watch Neo,Electronics,31009,4,Hyderabad,2026-07-29 02:54:56.481916,Shipped,False,20650.63,41433.47,3,Not bad,124036
361,1605,JBL Router Max,Electronics,40577,2,Chennai,2026-08-04 02:54:56.481940,Delivered,True,34778.23,11597.55,4,Superb quality!,81154
362,1227,Realme TV Core,Electronics,30827,3,Kolkata,2026-08-07 02:54:56.481949,Cancelled,True,20788.17,30116.49,4,Best purchase ever,92481
363,1034,H&M Phone Ultra,Electronics,10262,5,Chennai,2026-08-07 02:54:56.481961,Placed,True,6280.52,19907.38,4,Fantastic experience,51310
364,1709,Xiaomi Speaker Elite,Electronics,26342,4,Pune,2026-08-07 02:54:56.481970,Delivered,True,17705.87,34544.54,5,Amazing product!,105368
365,1491,H&M T-shirt X,Fashion,14787,2,Pune,2026-07-25 02:54:56.481980,Cancelled,False,11745.2,6083.61,1,Not satisfied,29574
366,1808,Puma Router Air,Electronics,11103,4,Hyderabad,2026-08-07 02:54:56.481991,Delivered,True,9232.71,7481.18,4,Highly recommended!,44412
367,1303,Zara Laptop Air,Electronics,41578,4,Chennai,2026-08-04 02:54:56.482000,Delivered,True,36090.97,21948.14,3,Average experience,166312
368,1909,LG Laptop Max,Electronics,18180,5,Delhi,2026-08-04 02:54:56.482010,Shipped,True,14920.84,16295.8,1,Not worth it,90900
369,1574,Zara Watch Neo,Electronics,25597,3,Pune,2026-07-15 02:54:56.482020,Placed,False,18165.46,22294.63,2,Bad experience,76791
370,1771,Xiaomi Tablet X,Electronics,13916,2,Pune,2026-07-27 02:54:56.482029,Placed,False,11059.21,5713.59,5,Superb quality!,27832
371,1055,Acer TV Plus,Electronics,15274,3,Delhi,2026-07-06 02:54:56.482038,Shipped,False,11471.84,11406.48,4,Excellent performance,45822
372,1921,Apple Bag Max,Fashion,23124,4,Bangalore,2026-07-18 02:54:56.482047,Placed,False,17136.02,23951.92,5,Fantastic experience,92496
373,1295,H&M T-shirt Neo,Fashion,41194,3,Delhi,2026-08-05 02:54:56.482061,Delivered,True,25795.38,46195.86,4,Highly recommended!,123582
374,1300,Sony Laptop Neo,Electronics,11298,3,Chennai,2026-08-05 02:54:56.482070,Delivered,True,7288.9,12027.31,2,Not satisfied,33894
375,1193,Apple T-shirt X,Fashion,45221,5,Delhi,2026-08-07 02:54:56.482079,Shipped,True,32832.21,61943.95,1,Disappointed,226105
376,1607,Nike Laptop X,Electronics,15725,5,Pune,2026-07-21 02:54:56.482089,Shipped,False,12528.55,15982.25,3,Nothing special,78625
377,1808,Panasonic Speaker Ultra,Electronics,35244,5,Bangalore,2026-07-20 02:54:56.482118,Shipped,False,27144.07,40499.67,3,Not bad,176220
378,1979,Zara Laptop Ultra,Electronics,32235,3,Mumbai,2026-07-10 02:54:56.482128,Placed,False,20775.51,34378.48,3,Nothing special,96705
379,1243,OnePlus Headphones Max,Electronics,11037,5,Delhi,2026-07-29 02:54:56.482137,Cancelled,False,9401.31,8178.44,2,Waste of money,55185
380,1681,Lenovo TV Mini,Electronics,21250,5,Bangalore,2026-08-07 02:54:56.482148,Shipped,True,15106.66,30716.7,2,Not satisfied,106250
381,1414,LG Laptop Neo,Electronics,10195,3,Chennai,2026-07-17 02:54:56.482158,Cancelled,False,7749.15,7337.56,1,Not satisfied,30585
382,1339,Nike Jacket Prime,Fashion,10027,4,Pune,2026-07-30 02:54:56.482167,Placed,False,8934.51,4369.97,5,Fantastic experience,40108
383,1705,Boat T-shirt Air,Fashion,19869,4,Delhi,2026-07-04 02:54:56.482177,Cancelled,False,16687.43,12726.27,4,Worth every penny,79476
384,1861,Panasonic Laptop Core,Electronics,31890,1,Mumbai,2026-08-08 02:54:56.482186,Placed,True,22081.42,9808.58,4,Best purchase ever,31890
385,1200,Canon Bag Pro,Fashion,23922,1,Delhi,2026-08-02 02:54:56.482196,Cancelled,False,18540.25,5381.75,2,Disappointed,23922
386,1930,OnePlus Jacket Neo,Fashion,35785,4,Pune,2026-08-08 02:54:56.482205,Delivered,True,23558.52,48905.93,3,Average experience,143140
387,1359,Zara Jacket Core,Fashion,26554,2,Bangalore,2026-07-23 02:54:56.482216,Delivered,False,18902.45,15303.1,3,Could be better,53108
388,1825,Canon Bag Pro,Fashion,37267,1,Pune,2026-08-07 02:54:56.482226,Delivered,True,31345.48,5921.52,3,Not bad,37267
389,1888,Apple T-shirt X,Fashion,28276,4,Kolkata,2026-08-08 02:54:56.482236,Placed,True,18184.06,40367.75,3,Nothing special,113104
390,1179,HP Camera Core,Electronics,4832,5,Kolkata,2026-08-01 02:54:56.482245,Placed,False,3492.75,6696.23,3,Just okay,24160
391,1043,LG Watch Pro,Electronics,47046,5,Hyderabad,2026-08-05 02:54:56.482254,Cancelled,True,39974.29,35358.57,3,Nothing special,235230
392,1268,Lenovo Jacket Ultra,Fashion,20291,5,Bangalore,2026-07-19 02:54:56.482263,Delivered,False,13541.32,33748.39,1,Waste of money,101455
393,1122,Zara Camera Core,Electronics,42479,4,Hyderabad,2026-08-06 02:54:56.482273,Delivered,True,27773.27,58822.93,2,Not satisfied,169916
394,1997,JBL Bag Elite,Fashion,32812,1,Pune,2026-07-16 02:54:56.482284,Delivered,False,25254.49,7557.51,3,Nothing special,32812
395,1472,Adidas Headphones Elite,Electronics,8337,3,Pune,2026-08-06 02:54:56.482299,Cancelled,True,6456.98,5640.07,2,Not worth it,25011
396,1296,Sony Jeans Max,Fashion,23921,2,Bangalore,2026-08-06 02:54:56.482308,Shipped,True,17363.16,13115.68,3,Average experience,47842
397,1893,Xiaomi Speaker Elite,Electronics,42373,1,Bangalore,2026-08-05 02:54:56.482318,Placed,True,33035.21,9337.79,2,Not worth it,42373
398,1843,Lenovo Jacket Ultra,Fashion,45390,3,Mumbai,2026-07-13 02:54:56.482327,Shipped,False,28538.96,50553.11,5,Worth every penny,136170
399,1223,Nike Jacket X,Fashion,9475,5,Mumbai,2026-07-23 02:54:56.482336,Delivered,False,6856.09,13094.53,2,Bad experience,47375
400,1945,Apple Jacket X,Fashion,14990,2,Delhi,2026-08-07 02:54:56.482346,Delivered,True,13113.39,3753.22,1,Waste of money,29980
401,1781,Samsung Headphones Air,Electronics,23320,3,Bangalore,2026-07-30 02:54:56.482357,Delivered,False,20216.53,9310.42,5,Fantastic experience,69960
402,1314,Zara TV Core,Electronics,47023,3,Mumbai,2026-08-04 02:54:56.482368,Cancelled,True,30029.56,50980.31,2,Very poor quality,141069
403,1043,LG Jacket Ultra,Fashion,9033,1,Mumbai,2026-07-12 02:54:56.482378,Placed,False,5630.45,3402.55,4,Very satisfied,9033
404,1308,Sony Laptop Neo,Electronics,2649,5,Pune,2026-08-07 02:54:56.482388,Placed,True,2311.41,1687.96,1,Bad experience,13245
405,1686,Samsung Bag Prime,Fashion,49950,1,Bangalore,2026-08-08 02:54:56.482397,Cancelled,True,38775.23,11174.77,2,Waste of money,49950
406,1247,Nike Camera Edge,Electronics,6449,2,Kolkata,2026-07-04 02:54:56.482406,Shipped,False,4550.81,3796.38,5,Best purchase ever,12898
407,1923,Boat Watch Mini,Electronics,4978,1,Hyderabad,2026-08-08 02:54:56.482416,Cancelled,True,4055.79,922.21,3,Not bad,4978
408,1450,Samsung Router Neo,Electronics,783,1,Pune,2026-08-08 02:54:56.482434,Delivered,True,555.88,227.12,5,Highly recommended!,783
409,1115,Samsung Headphones Neo,Electronics,7533,2,Hyderabad,2026-07-22 02:54:56.482443,Delivered,False,5004.04,5057.92,2,Terrible product,15066
410,1570,HP Headphones Plus,Electronics,8601,4,Pune,2026-08-08 02:54:56.482453,Cancelled,True,6439.95,8644.18,3,Decent quality,34404
411,1703,Zara Tablet Elite,Electronics,5890,3,Hyderabad,2026-07-31 02:54:56.482462,Delivered,False,4035.14,5564.58,5,Excellent performance,17670
412,1961,Boat Camera Core,Electronics,15302,5,Pune,2026-07-25 02:54:56.482471,Delivered,False,10047.84,26270.82,1,Will not recommend,76510
413,1122,Lenovo Speaker Air,Electronics,12250,1,Mumbai,2026-07-13 02:54:56.482480,Placed,False,8806.66,3443.34,5,Loved it!,12250
414,1205,Realme Watch Plus,Electronics,26755,5,Kolkata,2026-08-05 02:54:56.482491,Placed,True,18972.32,38913.41,2,Not worth it,133775
415,1279,Samsung Jeans X,Fashion,26995,1,Hyderabad,2026-08-07 02:54:56.482501,Delivered,True,18452.58,8542.42,5,Best purchase ever,26995
416,1150,Xiaomi Router Edge,Electronics,42694,4,Hyderabad,2026-07-19 02:54:56.482512,Delivered,False,38264.79,17716.82,5,Excellent performance,170776
417,1101,Acer Tablet Max,Electronics,7580,1,Pune,2026-07-19 02:54:56.482522,Delivered,False,5072.89,2507.11,2,Not satisfied,7580
418,1310,Sony Camera Air,Electronics,4971,4,Kolkata,2026-08-05 02:54:56.482531,Delivered,True,3884.22,4347.14,3,Not bad,19884
419,1516,Realme Headphones Max,Electronics,6813,1,Bangalore,2026-07-09 02:54:56.482541,Delivered,False,4500.53,2312.47,4,Top notch quality,6813
420,1460,Nike Camera Neo,Electronics,23019,5,Bangalore,2026-08-04 02:54:56.482550,Delivered,True,19889.28,15648.58,1,Terrible product,115095
421,1503,Sony Bag Max,Fashion,25163,4,Chennai,2026-08-02 02:54:56.482561,Placed,False,16432.97,34920.13,3,Not bad,100652
422,1701,Realme Shoes Ultra,Fashion,20977,4,Kolkata,2026-07-10 02:54:56.482573,Placed,False,16166.06,19243.75,4,Fantastic experience,83908
423,1994,Sony Router Edge,Electronics,31290,4,Chennai,2026-08-08 02:54:56.482583,Placed,True,22447.93,35368.28,4,Best purchase ever,125160
424,1857,HP T-shirt Elite,Fashion,44834,3,Bangalore,2026-07-24 02:54:56.482592,Placed,False,27278.98,52665.05,1,Waste of money,134502
425,1421,Sony Shoes Prime,Fashion,49131,5,Bangalore,2026-08-06 02:54:56.482601,Delivered,True,30913.47,91087.64,3,Could be better,245655
426,1117,Apple Speaker Edge,Electronics,43835,2,Bangalore,2026-08-05 02:54:56.482611,Shipped,True,34093.09,19483.82,1,Disappointed,87670
427,1527,Apple Jeans Neo,Fashion,1791,5,Chennai,2026-08-02 02:54:56.482630,Delivered,False,1428.02,1814.91,4,Best purchase ever,8955
428,1827,Panasonic Jeans Ultra,Fashion,1837,4,Chennai,2026-08-06 02:54:56.482653,Delivered,True,1416.52,1681.91,3,Okay product,7348
429,1992,Puma Router Elite,Electronics,45776,2,Chennai,2026-07-19 02:54:56.482668,Shipped,False,29753.86,32044.28,3,Could be better,91552
430,1823,Zara Tablet Air,Electronics,33068,1,Mumbai,2026-08-06 02:54:56.482685,Shipped,True,20312.33,12755.67,5,Very satisfied,33068
431,1486,Realme Headphones Max,Electronics,49185,1,Chennai,2026-08-08 02:54:56.482701,Shipped,True,33544.64,15640.36,5,Fantastic experience,49185
432,1204,LG Jacket Ultra,Fashion,23261,1,Chennai,2026-07-18 02:54:56.482718,Shipped,False,16977.58,6283.42,5,Worth every penny,23261
433,1590,Nikon TV Max,Electronics,16966,5,Chennai,2026-07-13 02:54:56.482734,Cancelled,False,14663.19,11514.06,5,Highly recommended!,84830
434,1373,Canon Camera Pro,Electronics,43806,4,Chennai,2026-07-05 02:54:56.482747,Delivered,False,38566.4,20958.41,1,Very poor quality,175224
435,1866,Adidas Router Core,Electronics,16253,2,Chennai,2026-07-07 02:54:56.482757,Delivered,False,11752.19,9001.62,1,Very poor quality,32506
436,1196,Panasonic Jeans Ultra,Fashion,19311,2,Delhi,2026-07-13 02:54:56.482767,Cancelled,False,13937.9,10746.19,1,Waste of money,38622
437,1163,Sony Speaker Neo,Electronics,20851,4,Bangalore,2026-07-17 02:54:56.482778,Delivered,False,15150.46,22802.17,1,Very poor quality,83404
438,1801,Sony Jeans Max,Fashion,2409,3,Delhi,2026-07-13 02:54:56.482788,Cancelled,False,1911.03,1493.91,1,Will not recommend,7227
439,1687,Apple Speaker Edge,Electronics,6000,3,Pune,2026-07-07 02:54:56.482797,Placed,False,5221.03,2336.9,4,Worth every penny,18000
440,1534,OnePlus Headphones Mini,Electronics,6418,4,Pune,2026-08-05 02:54:56.482806,Placed,True,4950.15,5871.39,5,Loved it!,25672
441,1337,Canon Camera Edge,Electronics,38538,5,Hyderabad,2026-07-19 02:54:56.482817,Placed,False,25875.3,63313.49,1,Not worth it,192690
442,1993,Puma Phone Max,Electronics,48815,4,Bangalore,2026-08-07 02:54:56.482827,Cancelled,True,31401.88,69652.49,2,Very poor quality,195260
443,1558,Adidas Phone Neo,Electronics,27263,3,Chennai,2026-08-07 02:54:56.482836,Shipped,True,22079.9,15549.29,1,Not worth it,81789
444,1021,H&M Phone Edge,Electronics,45243,2,Pune,2026-07-06 02:54:56.482845,Cancelled,False,32072.74,26340.53,3,Decent quality,90486
445,1924,Zara Router Core,Electronics,40202,1,Hyderabad,2026-08-05 02:54:56.482855,Shipped,True,30787.43,9414.57,3,Could be better,40202
446,1308,Apple Camera Neo,Electronics,8498,5,Delhi,2026-08-07 02:54:56.482866,Delivered,True,5118.85,16895.73,4,Excellent performance,42490
447,1280,Sony Speaker Prime,Electronics,15931,3,Hyderabad,2026-08-05 02:54:56.482876,Delivered,True,12576.02,10064.93,4,Amazing product!,47793
448,1715,Lenovo Phone Mini,Electronics,32723,4,Bangalore,2026-07-05 02:54:56.482887,Shipped,False,26676.31,24186.77,1,Waste of money,130892
449,1656,Apple Speaker Mini,Electronics,4849,3,Pune,2026-07-15 02:54:56.482897,Shipped,False,3568.76,3840.72,1,Not satisfied,14547
450,1589,LG Phone Plus,Electronics,41797,4,Delhi,2026-08-04 02:54:56.482906,Delivered,True,27586.96,56840.14,3,Could be better,167188
451,1489,Zara Watch Neo,Electronics,10843,2,Hyderabad,2026-08-08 02:54:56.482916,Delivered,True,9084.19,3517.63,3,Nothing special,21686
452,1424,Xiaomi Bag Ultra,Fashion,9249,3,Bangalore,2026-08-08 02:54:56.482940,Shipped,True,7767.85,4443.44,2,Bad experience,27747
453,1928,Nikon Phone Plus,Electronics,26288,4,Delhi,2026-08-04 02:54:56.482950,Placed,True,23052.83,12940.67,5,Superb quality!,105152
454,1614,Adidas Jeans Plus,Fashion,30805,2,Bangalore,2026-07-12 02:54:56.482959,Cancelled,False,18943.07,23723.86,5,Very satisfied,61610
455,1791,Panasonic Laptop Air,Electronics,6336,3,Chennai,2026-08-08 02:54:56.482971,Placed,True,3828.43,7522.71,5,Very satisfied,19008
456,1764,Lenovo Jacket Ultra,Fashion,44645,4,Chennai,2026-08-05 02:54:56.482980,Cancelled,True,29339.05,61223.79,3,Decent quality,178580
457,1428,Acer Phone Prime,Electronics,9032,4,Mumbai,2026-08-08 02:54:56.482989,Cancelled,True,8115.81,3664.74,3,Works fine,36128
458,1596,Nike Phone Prime,Electronics,10064,1,Pune,2026-07-26 02:54:56.483004,Cancelled,False,7903.3,2160.7,2,Not worth it,10064
459,1730,JBL Shoes Plus,Fashion,30526,1,Chennai,2026-08-07 02:54:56.483013,Cancelled,True,26296.11,4229.89,4,Superb quality!,30526
460,1953,Canon T-shirt Pro,Fashion,28240,5,Mumbai,2026-08-01 02:54:56.483023,Placed,False,21662.9,32885.48,1,Not worth it,141200
461,2000,Acer Speaker Ultra,Electronics,23719,5,Chennai,2026-08-04 02:54:56.483035,Shipped,True,17821.57,29487.15,4,Excellent performance,118595
462,1952,Puma Camera X,Electronics,24807,2,Bangalore,2026-08-08 02:54:56.483044,Cancelled,True,16821.32,15971.37,5,Top notch quality,49614
463,1045,Acer Headphones Ultra,Electronics,31176,2,Mumbai,2026-08-06 02:54:56.483053,Delivered,True,20031.79,22288.43,1,Not worth it,62352
464,1446,H&M TV Edge,Electronics,18915,3,Mumbai,2026-07-25 02:54:56.483063,Shipped,False,14827.08,12263.76,3,Could be better,56745
465,1235,Apple Speaker Pro,Electronics,48791,4,Mumbai,2026-08-08 02:54:56.483073,Delivered,True,30053.63,74949.48,2,Not satisfied,195164
466,1452,OnePlus Headphones Plus,Electronics,31318,3,Bangalore,2026-08-07 02:54:56.483082,Delivered,True,19880.89,34311.32,4,Amazing product!,93954
467,1357,Lenovo Speaker Prime,Electronics,37256,4,Delhi,2026-07-19 02:54:56.483092,Placed,False,31807.37,21794.54,2,Bad experience,149024
468,1597,Apple Jacket Elite,Fashion,19119,2,Delhi,2026-08-08 02:54:56.483103,Shipped,True,14702.02,8833.96,5,Superb quality!,38238
469,1908,Boat Laptop Core,Electronics,37907,2,Bangalore,2026-07-05 02:54:56.483113,Placed,False,25543.53,24726.95,4,Loved it!,75814
470,1083,Asus Jeans Edge,Fashion,19130,1,Chennai,2026-07-23 02:54:56.483122,Placed,False,16281.41,2848.59,2,Not satisfied,19130
471,1993,Canon Watch Pro,Electronics,46880,4,Delhi,2026-07-14 02:54:56.483131,Shipped,False,36484.89,41580.45,1,Not worth it,187520
472,1330,Canon Speaker Max,Electronics,41287,4,Hyderabad,2026-07-04 02:54:56.483140,Cancelled,False,27390.21,55587.16,1,Disappointed,165148
473,1091,Apple Speaker Edge,Electronics,49245,1,Delhi,2026-08-01 02:54:56.483150,Delivered,False,33316.66,15928.34,2,Terrible product,49245
474,1305,Sony Bag Max,Fashion,14146,2,Chennai,2026-07-10 02:54:56.483159,Delivered,False,9696.81,8898.38,2,Bad experience,28292
475,1501,HP Shoes Mini,Fashion,28835,3,Chennai,2026-08-06 02:54:56.483170,Placed,True,24498.67,13008.98,5,Superb quality!,86505
476,1628,OnePlus Headphones Mini,Electronics,25933,4,Mumbai,2026-07-16 02:54:56.483180,Delivered,False,16261.72,38685.12,4,Worth every penny,103732
477,1953,HP Tablet Mini,Electronics,41832,4,Chennai,2026-08-04 02:54:56.483189,Shipped,True,37313.37,18074.51,2,Waste of money,167328
478,1152,Boat Laptop Core,Electronics,41758,5,Mumbai,2026-08-06 02:54:56.483198,Delivered,True,30533.73,56121.36,4,Excellent performance,208790
479,1522,Apple Camera Neo,Electronics,20187,2,Chennai,2026-07-25 02:54:56.483207,Placed,False,15449.08,9475.85,1,Bad experience,40374
480,1116,LG Router X,Electronics,6692,4,Pune,2026-07-23 02:54:56.483219,Shipped,False,5190.79,6004.86,5,Amazing product!,26768
481,1601,LG Laptop Edge,Electronics,30835,2,Pune,2026-08-07 02:54:56.483228,Placed,True,19271.48,23127.04,3,Could be better,61670
482,1892,Acer Tablet Max,Electronics,44426,4,Pune,2026-07-24 02:54:56.483239,Cancelled,False,29468.68,59829.29,1,Disappointed,177704
483,1471,Xiaomi TV Prime,Electronics,28929,5,Pune,2026-08-04 02:54:56.483249,Delivered,True,18370.02,52794.92,2,Will not recommend,144645
484,1089,Realme Shoes Prime,Fashion,43604,5,Mumbai,2026-07-25 02:54:56.483258,Shipped,False,35197.09,42034.54,4,Excellent performance,218020
485,1664,Sony Jeans Max,Fashion,1409,2,Mumbai,2026-08-04 02:54:56.483267,Cancelled,True,1208.5,400.99,2,Will not recommend,2818
486,1432,Sony Phone X,Electronics,16345,4,Delhi,2026-08-04 02:54:56.483277,Shipped,True,13581.33,11054.69,2,Will not recommend,65380
487,1248,Nike Jacket Mini,Fashion,11385,2,Mumbai,2026-07-04 02:54:56.483286,Delivered,False,8441.37,5887.26,4,Best purchase ever,22770
488,1868,Puma Jacket Prime,Fashion,37818,4,Chennai,2026-08-06 02:54:56.483295,Placed,True,23855.56,55849.77,4,Very satisfied,151272
489,1742,JBL Headphones X,Electronics,38423,5,Kolkata,2026-08-02 02:54:56.483306,Delivered,False,27660.88,53810.62,5,Best purchase ever,192115
490,1274,JBL Jeans Elite,Fashion,44977,4,Pune,2026-08-04 02:54:56.483318,Placed,True,32680.35,49186.6,3,Okay product,179908
491,1165,Apple Tablet Prime,Electronics,31520,1,Bangalore,2026-07-15 02:54:56.483327,Shipped,False,23151.36,8368.64,4,Amazing product!,31520
492,1943,Adidas Watch Plus,Electronics,13096,4,Kolkata,2026-07-20 02:54:56.483338,Cancelled,False,9852.0,12976.0,5,Worth every penny,52384
493,1818,Sony Bag Max,Fashion,47371,4,Hyderabad,2026-08-06 02:54:56.483348,Delivered,True,42062.65,21233.39,3,Nothing special,189484
494,1204,Boat T-shirt Plus,Fashion,41253,2,Mumbai,2026-07-12 02:54:56.483357,Placed,False,33007.22,16491.55,2,Waste of money,82506
495,1018,Asus Headphones Ultra,Electronics,32755,1,Bangalore,2026-07-04 02:54:56.483367,Delivered,False,22636.84,10118.16,2,Not satisfied,32755
496,1116,Nike Headphones Air,Electronics,17592,3,Kolkata,2026-08-05 02:54:56.483378,Placed,True,14813.25,8336.25,3,Just okay,52776
497,1788,Zara Laptop Ultra,Electronics,8409,5,Kolkata,2026-08-07 02:54:56.483387,Shipped,True,7552.11,4284.43,3,Average experience,42045
498,1800,Panasonic Jeans Ultra,Fashion,10407,5,Kolkata,2026-08-04 02:54:56.483397,Delivered,True,8738.72,8341.42,1,Bad experience,52035
499,1932,Canon Tablet Pro,Electronics,7176,5,Bangalore,2026-08-08 02:54:56.483407,Placed,True,4665.22,12553.91,1,Very poor quality,35880
500,1662,Asus Tablet Pro,Electronics,48233,3,Bangalore,2026-07-10 02:54:56.483416,Delivered,False,39539.75,26079.74,1,Waste of money,144699
501,1854,HP Camera Core,Electronics,9529,1,Hyderabad,2026-08-07 02:54:56.483427,Delivered,True,7916.37,1612.63,1,Very poor quality,9529
502,1644,Boat Headphones Edge,Electronics,22868,3,Pune,2026-08-04 02:54:56.483437,Shipped,True,16275.86,19776.41,4,Worth every penny,68604
503,1940,Sony Speaker Neo,Electronics,10435,5,Chennai,2026-07-09 02:54:56.483448,Cancelled,False,6692.99,18710.04,4,Very satisfied,52175
504,1086,HP Headphones Ultra,Electronics,30564,5,Bangalore,2026-07-04 02:54:56.483457,Placed,False,22396.49,40837.54,1,Bad experience,152820
505,1646,Apple Speaker Pro,Electronics,26822,2,Pune,2026-08-02 02:54:56.483467,Delivered,False,22202.12,9239.77,2,Not satisfied,53644
506,1738,LG Tablet Ultra,Electronics,43777,5,Pune,2026-07-21 02:54:56.483477,Delivered,False,37899.27,29388.63,5,Excellent performance,218885
507,1908,HP Headphones Plus,Electronics,23054,1,Kolkata,2026-07-06 02:54:56.483486,Cancelled,False,18675.78,4378.22,4,Superb quality!,23054
508,1037,Realme Headphones Max,Electronics,41013,4,Kolkata,2026-07-06 02:54:56.483496,Delivered,False,34148.25,27459.01,3,Okay product,164052
509,1775,HP Camera Core,Electronics,26058,2,Pune,2026-07-28 02:54:56.483505,Placed,False,19634.74,12846.52,3,Could be better,52116
510,1749,Boat Watch Plus,Electronics,2034,1,Delhi,2026-07-27 02:54:56.483517,Shipped,False,1663.72,370.28,5,Loved it!,2034
511,1305,Zara T-shirt X,Fashion,24943,3,Kolkata,2026-07-31 02:54:56.483526,Placed,False,20627.06,12947.81,1,Will not recommend,74829
512,1731,JBL Headphones X,Electronics,841,4,Chennai,2026-07-27 02:54:56.483535,Cancelled,False,592.99,992.04,3,Not bad,3364
513,1100,Lenovo Jacket Neo,Fashion,48833,2,Mumbai,2026-08-06 02:54:56.483545,Cancelled,True,41354.36,14957.27,3,Nothing special,97666
514,1219,Dell Router Plus,Electronics,28398,4,Chennai,2026-08-04 02:54:56.483554,Placed,True,20658.58,30957.68,2,Will not recommend,113592
515,1651,H&M Jeans Pro,Fashion,24702,5,Chennai,2026-07-16 02:54:56.483563,Delivered,False,21283.35,17093.24,5,Top notch quality,123510
516,1728,Adidas Phone Neo,Electronics,45655,4,Chennai,2026-07-08 02:54:56.483574,Cancelled,False,29370.04,65139.85,2,Will not recommend,182620
517,1943,LG Bag Pro,Fashion,46671,5,Delhi,2026-08-05 02:54:56.483584,Delivered,True,34630.19,60204.03,2,Not worth it,233355
518,1380,Nikon Tablet Prime,Electronics,27279,1,Bangalore,2026-08-06 02:54:56.483593,Shipped,True,16697.06,10581.94,2,Bad experience,27279
519,1049,HP Jacket Prime,Fashion,20374,3,Bangalore,2026-08-03 02:54:56.483602,Cancelled,False,13093.19,21842.44,5,Very satisfied,61122
520,1891,H&M Camera Neo,Electronics,19078,2,Delhi,2026-08-07 02:54:56.483611,Placed,True,12146.93,13862.14,3,Okay product,38156
521,1854,Apple Tablet Prime,Electronics,32034,5,Pune,2026-07-16 02:54:56.483621,Delivered,False,27872.34,20808.3,4,Top notch quality,160170
522,1887,JBL Laptop Elite,Electronics,40195,2,Pune,2026-08-08 02:54:56.483636,Delivered,True,33301.7,13786.59,4,Highly recommended!,80390
523,1981,Puma Laptop Plus,Electronics,6353,5,Pune,2026-07-22 02:54:56.483646,Cancelled,False,5527.58,4127.12,3,Average experience,31765
524,1659,H&M Camera Neo,Electronics,29538,3,Kolkata,2026-08-05 02:54:56.483655,Placed,True,22791.47,20239.58,3,Okay product,88614
525,1123,Dell TV Max,Electronics,13110,5,Pune,2026-08-08 02:54:56.483665,Cancelled,True,10817.95,11460.27,5,Amazing product!,65550
526,1086,Sony Speaker Prime,Electronics,35355,2,Hyderabad,2026-08-06 02:54:56.483674,Cancelled,True,23814.63,23080.73,5,Top notch quality,70710
527,1447,Dell Watch Prime,Electronics,40270,3,Mumbai,2026-07-16 02:54:56.483683,Placed,False,30099.49,30511.54,1,Not worth it,120810
528,1292,Zara Laptop Neo,Electronics,2076,5,Mumbai,2026-07-22 02:54:56.483692,Shipped,False,1302.29,3868.55,1,Waste of money,10380
529,1185,Nikon Phone Plus,Electronics,17248,1,Delhi,2026-08-06 02:54:56.483702,Delivered,True,13860.19,3387.81,1,Not worth it,17248
530,1384,Xiaomi Phone Max,Electronics,4333,3,Hyderabad,2026-07-31 02:54:56.483711,Shipped,False,2784.98,4644.05,3,Decent quality,12999
531,1972,Lenovo Headphones Air,Electronics,8427,1,Delhi,2026-08-05 02:54:56.483720,Cancelled,True,6302.5,2124.5,5,Very satisfied,8427
532,1648,OnePlus Camera Ultra,Electronics,4473,3,Mumbai,2026-07-17 02:54:56.483729,Delivered,False,2771.64,5104.08,1,Terrible product,13419
533,1085,Panasonic Router Ultra,Electronics,1720,3,Hyderabad,2026-08-05 02:54:56.483739,Cancelled,True,1189.18,1592.46,4,Top notch quality,5160
534,1984,HP Camera X,Electronics,33296,2,Kolkata,2026-08-06 02:54:56.483748,Cancelled,True,27789.08,11013.84,5,Very satisfied,66592
535,1061,H&M T-shirt Neo,Fashion,3238,1,Chennai,2026-07-04 02:54:56.483757,Shipped,False,2577.18,660.82,2,Not satisfied,3238
536,1046,Xiaomi Tablet Neo,Electronics,39681,3,Mumbai,2026-07-23 02:54:56.483776,Cancelled,False,30774.51,26719.47,5,Excellent performance,119043
537,1742,Puma T-shirt Edge,Fashion,35502,5,Kolkata,2026-08-06 02:54:56.483786,Placed,True,25511.43,49952.83,1,Waste of money,177510
538,1251,Xiaomi Watch Neo,Electronics,28809,2,Pune,2026-07-06 02:54:56.483795,Shipped,False,22774.98,12068.03,4,Excellent performance,57618
539,1623,Samsung Phone Ultra,Electronics,22889,2,Chennai,2026-07-04 02:54:56.483804,Shipped,False,13842.41,18093.19,2,Not satisfied,45778
540,1806,Sony TV Core,Electronics,1127,2,Pune,2026-07-17 02:54:56.483813,Delivered,False,933.99,386.02,5,Loved it!,2254
541,1366,Sony Phone Ultra,Electronics,5580,5,Chennai,2026-08-07 02:54:56.483823,Placed,True,3938.91,8205.43,4,Best purchase ever,27900
542,1226,Nikon Watch Plus,Electronics,46180,1,Pune,2026-08-07 02:54:56.483832,Shipped,True,40678.78,5501.22,4,Amazing product!,46180
543,1505,Sony Jeans Plus,Fashion,18924,3,Bangalore,2026-08-04 02:54:56.483845,Shipped,True,15943.93,8940.21,2,Very poor quality,56772
544,1890,OnePlus Headphones Plus,Electronics,18899,4,Bangalore,2026-08-04 02:54:56.483855,Cancelled,True,16919.88,7916.48,4,Loved it!,75596
545,1578,Boat Watch Mini,Electronics,33289,4,Mumbai,2026-08-08 02:54:56.483864,Cancelled,True,26563.01,26903.97,5,Best purchase ever,133156
546,1196,Nikon Camera Mini,Electronics,39045,2,Hyderabad,2026-08-05 02:54:56.483873,Shipped,True,34362.29,9365.41,2,Disappointed,78090
547,1874,Samsung Watch Ultra,Electronics,2015,5,Bangalore,2026-07-13 02:54:56.483883,Delivered,False,1210.18,4024.09,4,Amazing product!,10075
548,1905,Puma T-shirt Ultra,Fashion,27165,3,Pune,2026-08-08 02:54:56.483893,Delivered,True,20337.69,20481.94,5,Amazing product!,81495
549,1342,Acer Watch Core,Electronics,3577,3,Delhi,2026-07-17 02:54:56.483902,Delivered,False,2485.56,3274.32,4,Superb quality!,10731
550,1337,Canon Jacket Core,Fashion,37974,1,Bangalore,2026-08-07 02:54:56.483913,Placed,True,33230.99,4743.01,2,Waste of money,37974
551,1860,Apple Phone Prime,Electronics,41525,1,Bangalore,2026-08-07 02:54:56.483954,Delivered,True,34981.4,6543.6,5,Worth every penny,41525
552,1966,Nikon Watch Ultra,Electronics,7567,4,Delhi,2026-08-06 02:54:56.483965,Placed,True,6405.39,4646.44,5,Superb quality!,30268
553,1087,Panasonic Bag Ultra,Fashion,39819,5,Delhi,2026-07-10 02:54:56.483975,Placed,False,31361.63,42286.86,5,Loved it!,199095
554,1056,Zara Jacket Pro,Fashion,2685,4,Bangalore,2026-07-06 02:54:56.483988,Placed,False,2241.42,1774.31,1,Will not recommend,10740
555,1411,Canon Tablet Pro,Electronics,41537,4,Delhi,2026-08-04 02:54:56.483998,Placed,True,31891.17,38583.32,3,Just okay,166148
556,1901,OnePlus Headphones Max,Electronics,49780,4,Kolkata,2026-08-08 02:54:56.484007,Placed,True,36639.24,52563.03,4,Very satisfied,199120
557,1012,Nikon Jacket Elite,Fashion,7137,3,Kolkata,2026-08-07 02:54:56.484019,Shipped,True,5540.77,4788.7,1,Bad experience,21411
558,1431,Xiaomi Phone Max,Electronics,4926,5,Chennai,2026-08-08 02:54:56.484028,Cancelled,True,3897.5,5142.52,3,Could be better,24630
559,1319,Adidas Watch Plus,Electronics,41188,4,Kolkata,2026-08-05 02:54:56.484038,Cancelled,True,34561.17,26507.33,1,Waste of money,164752
560,1298,Panasonic Jeans Elite,Fashion,34128,3,Bangalore,2026-07-16 02:54:56.484047,Cancelled,False,21986.03,36425.9,3,Could be better,102384
561,1432,Apple T-shirt X,Fashion,1029,5,Bangalore,2026-08-04 02:54:56.484057,Cancelled,True,773.94,1275.28,5,Amazing product!,5145
562,1709,Lenovo Shoes X,Fashion,13631,2,Bangalore,2026-08-06 02:54:56.484067,Cancelled,True,10909.68,5442.64,4,Best purchase ever,27262
563,1465,Sony Bag Max,Fashion,38406,5,Hyderabad,2026-07-15 02:54:56.484076,Shipped,False,27867.72,52691.38,2,Bad experience,192030
564,1218,Nike Camera Ultra,Electronics,3265,4,Mumbai,2026-08-04 02:54:56.484087,Cancelled,True,2638.01,2507.96,4,Best purchase ever,13060
565,1010,Canon Phone Pro,Electronics,48641,3,Delhi,2026-07-28 02:54:56.484099,Delivered,False,31873.15,50303.55,1,Not worth it,145923
566,1044,JBL Speaker Plus,Electronics,2467,5,Delhi,2026-08-05 02:54:56.484108,Shipped,True,1806.15,3304.27,5,Worth every penny,12335
567,1182,Boat Phone Ultra,Electronics,13464,3,Mumbai,2026-08-05 02:54:56.484117,Shipped,True,10981.93,7446.22,3,Works fine,40392
568,1958,Nike Laptop X,Electronics,12039,3,Mumbai,2026-08-04 02:54:56.484127,Cancelled,True,8591.96,10341.13,1,Not worth it,36117
569,1902,Puma Router Air,Electronics,30397,2,Chennai,2026-07-09 02:54:56.484136,Shipped,False,24265.09,12263.81,5,Best purchase ever,60794
570,1711,Acer Headphones Ultra,Electronics,47092,1,Bangalore,2026-08-05 02:54:56.484145,Cancelled,True,39485.2,7606.8,2,Terrible product,47092
571,1335,Nike T-shirt Mini,Fashion,39792,4,Mumbai,2026-08-04 02:54:56.484157,Cancelled,True,34075.11,22867.57,3,Not bad,159168
572,1809,Sony Camera Air,Electronics,41752,3,Pune,2026-08-08 02:54:56.484166,Delivered,True,27672.03,42239.92,1,Will not recommend,125256
573,1329,Adidas Jeans Air,Fashion,4751,2,Pune,2026-07-10 02:54:56.484176,Shipped,False,3561.24,2379.53,4,Highly recommended!,9502
574,1212,HP Jacket Prime,Fashion,34937,4,Mumbai,2026-07-19 02:54:56.484185,Shipped,False,27053.68,31533.3,5,Amazing product!,139748
575,1160,Apple Bag Elite,Fashion,13803,4,Hyderabad,2026-08-07 02:54:56.484195,Cancelled,True,9548.91,17016.35,4,Best purchase ever,55212
576,1235,HP Jacket Prime,Fashion,17180,5,Kolkata,2026-08-05 02:54:56.484204,Placed,True,11828.68,26756.61,5,Worth every penny,85900
577,1823,Lenovo TV Mini,Electronics,30990,5,Chennai,2026-07-21 02:54:56.484215,Delivered,False,22940.82,40245.89,4,Worth every penny,154950
578,1923,Nike T-shirt Mini,Fashion,18392,4,Delhi,2026-08-05 02:54:56.484226,Delivered,True,12325.16,24267.35,1,Not worth it,73568
579,1039,Puma Jacket Prime,Fashion,33383,5,Kolkata,2026-08-06 02:54:56.484235,Cancelled,True,21015.36,61838.21,1,Not worth it,166915
580,1722,Zara Phone Prime,Electronics,22373,2,Kolkata,2026-07-26 02:54:56.484245,Shipped,False,18425.58,7894.83,3,Works fine,44746
581,1968,Boat Speaker Core,Electronics,49808,5,Chennai,2026-08-03 02:54:56.484254,Shipped,False,34096.24,78558.78,3,Just okay,249040
582,1740,JBL Phone Max,Electronics,38507,1,Pune,2026-07-14 02:54:56.484264,Cancelled,False,33102.15,5404.85,2,Very poor quality,38507
583,1866,LG Jacket Ultra,Fashion,31592,2,Mumbai,2026-07-11 02:54:56.484273,Delivered,False,22183.84,18816.33,1,Not worth it,63184
584,1142,Zara T-shirt Edge,Fashion,46240,4,Kolkata,2026-08-07 02:54:56.484283,Delivered,True,39576.04,26655.84,1,Not worth it,184960
585,1702,JBL Watch Edge,Electronics,8911,3,Hyderabad,2026-08-07 02:54:56.484294,Shipped,True,6255.05,7967.86,4,Very satisfied,26733
586,1157,Panasonic TV Neo,Electronics,45753,5,Bangalore,2026-07-24 02:54:56.484305,Placed,False,35242.31,52553.44,1,Waste of money,228765
587,1192,Realme T-shirt Mini,Fashion,41777,5,Chennai,2026-07-22 02:54:56.484315,Cancelled,False,36956.26,24103.7,1,Terrible product,208885
588,1032,Sony Laptop Neo,Electronics,22050,5,Hyderabad,2026-07-14 02:54:56.484324,Shipped,False,13846.79,41016.04,1,Waste of money,110250
589,1210,Sony Laptop Elite,Electronics,40042,4,Mumbai,2026-08-05 02:54:56.484333,Cancelled,True,24859.97,60728.13,4,Excellent performance,160168
590,1334,Acer Bag Plus,Fashion,43725,5,Hyderabad,2026-08-07 02:54:56.484342,Placed,True,31070.8,63271.02,1,Waste of money,218625
591,1398,Boat Phone Elite,Electronics,27426,4,Hyderabad,2026-08-04 02:54:56.484351,Cancelled,True,20869.43,26226.29,4,Loved it!,109704
592,1601,Lenovo Headphones Pro,Electronics,9015,2,Mumbai,2026-07-21 02:54:56.484363,Delivered,False,5838.42,6353.15,5,Excellent performance,18030
593,1844,Apple Jacket X,Fashion,47474,4,Chennai,2026-07-28 02:54:56.484372,Placed,False,42599.63,19497.47,4,Loved it!,189896
594,1754,Canon Jacket Max,Fashion,16676,5,Delhi,2026-07-05 02:54:56.484384,Delivered,False,12307.91,21840.44,5,Amazing product!,83380
595,1255,Boat Laptop Max,Electronics,42855,4,Mumbai,2026-07-12 02:54:56.484393,Shipped,False,30741.05,48455.79,2,Terrible product,171420
596,1715,Lenovo Headphones Air,Electronics,40983,4,Delhi,2026-07-22 02:54:56.484403,Cancelled,False,33178.06,31219.77,1,Terrible product,163932
597,1421,Realme Speaker Core,Electronics,10850,3,Hyderabad,2026-07-13 02:54:56.484412,Placed,False,8782.13,6203.6,2,Will not recommend,32550
598,1212,Xiaomi Speaker Air,Electronics,8444,3,Kolkata,2026-08-04 02:54:56.484422,Shipped,True,6105.26,7016.23,2,Disappointed,25332
599,1406,Sony Jacket Elite,Fashion,30788,1,Delhi,2026-08-07 02:54:56.484431,Delivered,True,21646.96,9141.04,4,Superb quality!,30788
600,1561,Samsung Bag Prime,Fashion,16923,1,Pune,2026-08-06 02:54:56.484440,Delivered,True,12614.87,4308.13,1,Bad experience,16923
601,1621,OnePlus Headphones Air,Electronics,47265,4,Delhi,2026-08-07 02:54:56.484449,Shipped,True,40291.94,27892.26,2,Not satisfied,189060
602,1157,Nikon Watch Plus,Electronics,19777,1,Chennai,2026-07-29 02:54:56.484459,Placed,False,15849.64,3927.36,1,Disappointed,19777
603,1399,JBL Speaker Plus,Electronics,12161,2,Pune,2026-08-08 02:54:56.484468,Cancelled,True,8909.36,6503.28,1,Bad experience,24322
604,1930,Canon Jacket Edge,Fashion,29597,1,Mumbai,2026-08-04 02:54:56.484480,Delivered,True,24569.48,5027.52,2,Not worth it,29597
605,1225,Zara Phone Prime,Electronics,6489,1,Delhi,2026-08-03 02:54:56.484489,Placed,False,4549.66,1939.34,2,Bad experience,6489
606,1575,H&M Laptop Air,Electronics,44023,2,Pune,2026-08-04 02:54:56.484499,Delivered,True,33182.34,21681.32,3,Could be better,88046
607,1365,Apple Laptop Neo,Electronics,41438,2,Bangalore,2026-07-04 02:54:56.484510,Delivered,False,26364.56,30146.88,2,Bad experience,82876
608,1673,Zara TV Core,Electronics,1482,4,Hyderabad,2026-08-03 02:54:56.484519,Delivered,False,983.8,1992.81,2,Bad experience,5928
609,1785,Nike Headphones Prime,Electronics,43094,5,Kolkata,2026-08-02 02:54:56.484528,Placed,False,37303.8,28950.98,4,Excellent performance,215470
610,1340,H&M TV Edge,Electronics,7172,5,Mumbai,2026-08-06 02:54:56.484538,Placed,True,5593.87,7890.63,4,Highly recommended!,35860
611,1391,HP Camera X,Electronics,45564,3,Kolkata,2026-08-01 02:54:56.484550,Shipped,False,27579.64,53953.07,5,Top notch quality,136692
612,1242,Panasonic Tablet Ultra,Electronics,49115,2,Pune,2026-08-05 02:54:56.484559,Placed,True,38550.59,21128.82,1,Disappointed,98230
613,1155,Zara T-shirt Edge,Fashion,16461,5,Chennai,2026-08-04 02:54:56.484568,Cancelled,True,11726.11,23674.45,3,Works fine,82305
614,1284,Apple Jacket Elite,Fashion,42576,1,Bangalore,2026-08-08 02:54:56.484577,Delivered,True,34987.96,7588.04,3,Not bad,42576
615,1350,LG Jacket Edge,Fashion,3095,5,Mumbai,2026-07-14 02:54:56.484587,Shipped,False,2553.89,2705.57,2,Not worth it,15475
616,1644,Lenovo Headphones Pro,Electronics,35844,1,Delhi,2026-08-05 02:54:56.484596,Delivered,True,27113.89,8730.11,2,Will not recommend,35844
617,1177,Nikon Camera Mini,Electronics,32720,1,Kolkata,2026-08-04 02:54:56.484606,Cancelled,True,28842.1,3877.9,2,Bad experience,32720
618,1434,Acer Laptop Prime,Electronics,13893,2,Mumbai,2026-08-07 02:54:56.484619,Delivered,True,9633.95,8518.11,2,Very poor quality,27786
619,1883,Asus Headphones Ultra,Electronics,16816,3,Hyderabad,2026-07-16 02:54:56.484628,Delivered,False,14971.58,5533.25,2,Disappointed,50448
620,1624,Canon Phone Pro,Electronics,5743,3,Pune,2026-07-22 02:54:56.484637,Cancelled,False,4256.79,4458.62,4,Fantastic experience,17229
621,1566,Puma T-shirt Ultra,Fashion,10715,4,Pune,2026-08-07 02:54:56.484646,Delivered,True,9174.32,6162.73,3,Not bad,42860
622,1492,HP Camera Pro,Electronics,17361,4,Delhi,2026-07-25 02:54:56.484655,Delivered,False,11891.72,21877.1,5,Best purchase ever,69444
623,1503,Dell Phone Elite,Electronics,9455,4,Chennai,2026-08-05 02:54:56.484664,Cancelled,True,5684.86,15080.57,5,Worth every penny,37820
624,1418,Puma Router Mini,Electronics,27751,4,Delhi,2026-07-22 02:54:56.484674,Delivered,False,19213.22,34151.13,5,Loved it!,111004
625,1650,Lenovo Router Edge,Electronics,8657,4,Pune,2026-08-05 02:54:56.484685,Delivered,True,7679.88,3908.49,3,Nothing special,34628
626,1035,Lenovo Speaker Air,Electronics,46142,1,Hyderabad,2026-07-05 02:54:56.484695,Delivered,False,37868.71,8273.29,2,Will not recommend,46142
627,1253,Xiaomi Headphones Ultra,Electronics,41850,1,Kolkata,2026-08-06 02:54:56.484704,Delivered,True,36965.25,4884.75,2,Disappointed,41850
628,1723,Nike Speaker Edge,Electronics,43924,2,Kolkata,2026-08-04 02:54:56.484715,Placed,True,34845.75,18156.49,4,Very satisfied,87848
629,1512,Adidas Jeans Plus,Fashion,5765,5,Kolkata,2026-08-07 02:54:56.484725,Cancelled,True,4894.05,4354.74,3,Decent quality,28825
630,1651,Asus Tablet Neo,Electronics,25586,5,Kolkata,2026-07-11 02:54:56.484734,Delivered,False,21127.35,22293.25,1,Bad experience,127930
631,1006,Panasonic Bag Ultra,Fashion,23070,2,Mumbai,2026-07-11 02:54:56.484743,Cancelled,False,20278.65,5582.71,4,Excellent performance,46140
632,1174,OnePlus Phone Core,Electronics,32725,1,Mumbai,2026-08-04 02:54:56.484754,Delivered,True,24788.81,7936.19,3,Just okay,32725
633,1580,HP Jacket Prime,Fashion,12715,2,Hyderabad,2026-08-07 02:54:56.484764,Cancelled,True,9546.22,6337.56,1,Will not recommend,25430
634,1641,Nikon Phone X,Electronics,12665,2,Kolkata,2026-08-05 02:54:56.484773,Cancelled,True,8584.41,8161.18,4,Top notch quality,25330
635,1350,Sony Laptop Neo,Electronics,42209,2,Delhi,2026-08-06 02:54:56.484782,Placed,True,30108.46,24201.07,3,Okay product,84418
636,1681,Puma Phone Max,Electronics,15886,4,Kolkata,2026-07-13 02:54:56.484791,Placed,False,9576.91,25236.37,3,Average experience,63544
637,1954,Xiaomi Router Edge,Electronics,3243,1,Chennai,2026-08-08 02:54:56.484800,Placed,True,2311.29,931.71,5,Excellent performance,3243
638,1836,Boat Headphones Edge,Electronics,22587,5,Mumbai,2026-07-24 02:54:56.484810,Shipped,False,18172.55,22072.24,3,Could be better,112935
639,1003,Dell Speaker Edge,Electronics,24172,4,Chennai,2026-07-15 02:54:56.484821,Placed,False,21575.72,10385.11,3,Okay product,96688
640,1377,Dell Headphones X,Electronics,46264,4,Chennai,2026-08-04 02:54:56.484830,Placed,True,39819.5,25778.01,3,Works fine,185056
641,1648,OnePlus Headphones Max,Electronics,45469,4,Bangalore,2026-07-13 02:54:56.484840,Cancelled,False,27324.08,72579.67,3,Average experience,181876
642,1356,JBL Watch Edge,Electronics,3498,3,Chennai,2026-07-27 02:54:56.484849,Delivered,False,2518.73,2937.8,5,Loved it!,10494
643,1803,Canon Tablet Air,Electronics,31703,1,Hyderabad,2026-07-25 02:54:56.484859,Cancelled,False,25793.01,5909.99,5,Best purchase ever,31703
644,1172,Xiaomi Router Plus,Electronics,33571,1,Chennai,2026-08-07 02:54:56.484868,Placed,True,23177.57,10393.43,5,Top notch quality,33571
645,1445,LG Camera Pro,Electronics,8081,4,Pune,2026-08-05 02:54:56.484878,Cancelled,True,5261.78,11276.88,1,Bad experience,32324
646,1974,Nike Camera Edge,Electronics,11001,3,Pune,2026-07-10 02:54:56.484890,Shipped,False,7327.91,11019.28,3,Nothing special,33003
647,1066,Panasonic Headphones Plus,Electronics,44112,2,Pune,2026-08-01 02:54:56.484900,Shipped,False,38006.11,12211.77,5,Best purchase ever,88224
648,1089,Panasonic Jeans Edge,Fashion,25207,4,Delhi,2026-07-09 02:54:56.484910,Cancelled,False,16814.71,33569.14,1,Disappointed,100828
649,1590,LG Watch Mini,Electronics,22797,5,Pune,2026-08-04 02:54:56.484934,Shipped,True,14549.62,41236.9,3,Just okay,113985
650,1532,Zara Shoes Edge,Fashion,20868,1,Pune,2026-08-07 02:54:56.484947,Delivered,True,14521.89,6346.11,3,Not bad,20868
651,1148,Nikon Tablet Prime,Electronics,39217,2,Hyderabad,2026-08-07 02:54:56.484956,Placed,True,29863.27,18707.46,4,Worth every penny,78434
652,1764,Canon Router Max,Electronics,19952,2,Pune,2026-07-13 02:54:56.484965,Delivered,False,12853.63,14196.74,3,Not bad,39904
653,1646,Asus Headphones Air,Electronics,46569,1,Hyderabad,2026-07-25 02:54:56.484977,Placed,False,31761.72,14807.28,5,Top notch quality,46569
654,1717,Asus Jeans Prime,Fashion,32941,3,Pune,2026-08-02 02:54:56.484986,Shipped,False,21273.65,35002.05,2,Very poor quality,98823
655,1345,Canon Camera X,Electronics,12232,4,Chennai,2026-07-25 02:54:56.484996,Cancelled,False,10976.01,5023.98,5,Very satisfied,48928
656,1713,Samsung Watch Ultra,Electronics,31526,3,Mumbai,2026-07-22 02:54:56.485005,Placed,False,23907.85,22854.46,3,Decent quality,94578
657,1870,OnePlus Camera Edge,Electronics,36414,4,Pune,2026-08-05 02:54:56.485015,Shipped,True,30066.31,25390.76,5,Amazing product!,145656
658,1223,Apple Laptop Prime,Electronics,30484,2,Hyderabad,2026-08-07 02:54:56.485024,Delivered,True,20952.4,19063.2,2,Very poor quality,60968
659,1973,Lenovo Tablet Max,Electronics,13322,1,Chennai,2026-07-11 02:54:56.485033,Placed,False,10704.16,2617.84,2,Terrible product,13322
660,1527,Samsung Watch Ultra,Electronics,11524,1,Pune,2026-08-06 02:54:56.485044,Delivered,True,7535.43,3988.57,1,Bad experience,11524
661,1500,Panasonic Camera Max,Electronics,39388,4,Bangalore,2026-08-07 02:54:56.485053,Cancelled,True,24034.47,61414.11,2,Terrible product,157552
662,1647,Sony Laptop Elite,Electronics,39569,2,Pune,2026-07-10 02:54:56.485064,Placed,False,32973.61,13190.78,4,Excellent performance,79138
663,1023,Boat Camera Core,Electronics,24572,1,Kolkata,2026-08-04 02:54:56.485074,Placed,True,15642.92,8929.08,5,Superb quality!,24572
664,1495,Panasonic Jacket Mini,Fashion,38027,4,Pune,2026-07-12 02:54:56.485083,Placed,False,31878.15,24595.39,2,Terrible product,152108
665,1415,OnePlus Router Elite,Electronics,28920,3,Hyderabad,2026-08-04 02:54:56.485092,Shipped,True,17902.91,33051.27,5,Highly recommended!,86760
666,1185,OnePlus Camera Edge,Electronics,1794,4,Hyderabad,2026-08-01 02:54:56.485102,Placed,False,1481.94,1248.25,2,Bad experience,7176
667,1131,OnePlus Headphones Elite,Electronics,46061,2,Kolkata,2026-08-08 02:54:56.485113,Delivered,True,38698.33,14725.34,1,Not satisfied,92122
668,1127,Lenovo Headphones Pro,Electronics,43271,2,Kolkata,2026-08-08 02:54:56.485122,Shipped,True,37015.53,12510.94,1,Bad experience,86542
669,1674,Nikon Headphones Ultra,Electronics,24326,5,Kolkata,2026-08-07 02:54:56.485132,Placed,True,16407.91,39590.43,1,Disappointed,121630
670,1704,Boat Camera Core,Electronics,9665,5,Delhi,2026-07-12 02:54:56.485141,Shipped,False,7314.47,11752.65,3,Works fine,48325
671,1616,Panasonic Watch Plus,Electronics,3431,2,Kolkata,2026-08-05 02:54:56.485153,Cancelled,True,2367.09,2127.82,2,Waste of money,6862
672,1390,Asus Jeans Prime,Fashion,39283,3,Pune,2026-07-30 02:54:56.485162,Delivered,False,24446.12,44510.64,3,Decent quality,117849
673,1072,OnePlus Phone Edge,Electronics,11203,4,Pune,2026-08-01 02:54:56.485176,Shipped,False,8995.54,8829.86,2,Very poor quality,44812
674,1806,Xiaomi TV Neo,Electronics,18155,2,Chennai,2026-07-16 02:54:56.485188,Cancelled,False,13178.82,9952.36,2,Not worth it,36310
675,1067,Xiaomi Laptop Elite,Electronics,2198,5,Bangalore,2026-08-04 02:54:56.485198,Shipped,True,1400.98,3985.12,1,Terrible product,10990
676,1010,Panasonic Tablet Ultra,Electronics,6331,3,Delhi,2026-07-10 02:54:56.485207,Shipped,False,4076.52,6763.43,2,Disappointed,18993
677,1097,Puma Router Pro,Electronics,15063,4,Kolkata,2026-08-04 02:54:56.485217,Cancelled,True,11416.89,14584.44,3,Nothing special,60252
678,1325,Sony Shoes Prime,Fashion,46405,5,Hyderabad,2026-07-17 02:54:56.485226,Shipped,False,36299.85,50525.74,1,Waste of money,232025
679,1673,Boat Phone X,Electronics,12340,3,Mumbai,2026-07-19 02:54:56.485236,Cancelled,False,8363.04,11930.87,5,Highly recommended!,37020
680,1723,Puma T-shirt Mini,Fashion,25325,5,Chennai,2026-08-02 02:54:56.485245,Shipped,False,20570.25,23773.75,2,Terrible product,126625
681,1964,Nikon Phone Plus,Electronics,29267,3,Pune,2026-07-18 02:54:56.485254,Shipped,False,19981.95,27855.14,4,Fantastic experience,87801
682,1078,Nike Headphones Air,Electronics,15492,3,Pune,2026-08-06 02:54:56.485266,Delivered,True,12876.54,7846.38,1,Bad experience,46476
683,1985,Realme Speaker Core,Electronics,6636,2,Chennai,2026-08-04 02:54:56.485276,Shipped,True,5084.82,3102.36,4,Amazing product!,13272
684,1932,Nike Jeans Elite,Fashion,33837,2,Hyderabad,2026-07-19 02:54:56.485285,Placed,False,24418.18,18837.64,5,Superb quality!,67674
685,1179,Sony Router Core,Electronics,977,4,Delhi,2026-07-27 02:54:56.485295,Placed,False,764.22,851.12,2,Very poor quality,3908
686,1382,Zara Bag Mini,Fashion,9237,5,Delhi,2026-07-04 02:54:56.485306,Placed,False,6713.61,12616.97,4,Highly recommended!,46185
687,1002,Panasonic Camera Max,Electronics,45003,2,Pune,2026-08-06 02:54:56.485316,Shipped,True,33524.42,22957.16,3,Works fine,90006
688,1058,Canon Tablet X,Electronics,37779,4,Bangalore,2026-08-06 02:54:56.485325,Placed,True,33269.11,18039.58,5,Top notch quality,151116
689,1411,Nike Camera X,Electronics,40839,4,Bangalore,2026-07-25 02:54:56.485335,Shipped,False,25816.34,60090.63,3,Not bad,163356
690,1126,Canon Shoes Core,Fashion,7141,4,Chennai,2026-07-28 02:54:56.485344,Placed,False,5418.08,6891.67,2,Terrible product,28564
691,1913,Nike Camera X,Electronics,10699,3,Mumbai,2026-08-07 02:54:56.485353,Delivered,True,7620.82,9234.54,3,Just okay,32097
692,1005,Apple Headphones Plus,Electronics,18160,1,Bangalore,2026-07-13 02:54:56.485364,Delivered,False,11777.67,6382.33,3,Just okay,18160
693,1761,Nike Jacket Edge,Fashion,46979,2,Bangalore,2026-08-05 02:54:56.485375,Shipped,True,28754.76,36448.48,4,Very satisfied,93958
694,1507,Asus Shoes Ultra,Fashion,2571,2,Hyderabad,2026-08-07 02:54:56.485384,Shipped,True,1634.22,1873.55,4,Fantastic experience,5142
695,1112,Dell Tablet X,Electronics,47313,2,Delhi,2026-07-10 02:54:56.485393,Delivered,False,35511.13,23603.74,4,Highly recommended!,94626
696,1694,Realme Bag Elite,Fashion,1886,2,Hyderabad,2026-08-06 02:54:56.485403,Placed,True,1565.79,640.43,2,Not satisfied,3772
697,1779,Panasonic Jeans Edge,Fashion,28658,5,Chennai,2026-08-07 02:54:56.485412,Delivered,True,19683.46,44872.7,4,Loved it!,143290
698,1682,Nikon Watch Ultra,Electronics,40975,2,Hyderabad,2026-08-05 02:54:56.485421,Shipped,True,34010.0,13930.0,3,Works fine,81950
699,1234,Zara T-shirt Edge,Fashion,13503,4,Delhi,2026-08-08 02:54:56.485431,Cancelled,True,8866.08,18547.68,5,Highly recommended!,54012
700,1093,Nike Router Edge,Electronics,26798,1,Hyderabad,2026-07-28 02:54:56.485442,Cancelled,False,19506.02,7291.98,5,Superb quality!,26798
701,1062,Canon Camera X,Electronics,25426,4,Kolkata,2026-07-12 02:54:56.485452,Cancelled,False,16947.26,33914.97,4,Top notch quality,101704
702,1252,JBL T-shirt Edge,Fashion,42696,1,Bangalore,2026-07-31 02:54:56.485461,Shipped,False,30274.57,12421.43,3,Just okay,42696
703,1292,Apple Bag Elite,Fashion,3616,2,Chennai,2026-08-04 02:54:56.485470,Placed,True,2886.04,1459.93,3,Works fine,7232
704,1311,Xiaomi Watch Neo,Electronics,40249,1,Delhi,2026-07-29 02:54:56.485479,Shipped,False,35600.18,4648.82,3,Could be better,40249
705,1243,Nikon Router Neo,Electronics,44340,1,Pune,2026-08-06 02:54:56.485488,Shipped,True,36464.67,7875.33,3,Could be better,44340
706,1042,JBL Bag Elite,Fashion,14264,5,Kolkata,2026-08-01 02:54:56.485498,Placed,False,9116.77,25736.13,5,Loved it!,71320
707,1351,Zara Router Core,Electronics,43383,2,Bangalore,2026-08-07 02:54:56.485509,Placed,True,27004.35,32757.3,5,Best purchase ever,86766
708,1912,Adidas Watch Plus,Electronics,31577,2,Hyderabad,2026-08-04 02:54:56.485518,Cancelled,True,20762.26,21629.49,5,Excellent performance,63154
709,1429,Sony Bag Max,Fashion,37222,3,Kolkata,2026-07-20 02:54:56.485528,Placed,False,32504.29,14153.13,1,Will not recommend,111666
710,1046,H&M Watch Max,Electronics,33521,1,Kolkata,2026-08-08 02:54:56.485537,Shipped,True,27118.89,6402.11,2,Disappointed,33521
711,1575,Lenovo Jacket Elite,Fashion,45969,2,Hyderabad,2026-07-19 02:54:56.485546,Placed,False,29864.01,32209.98,5,Very satisfied,91938
712,1606,Boat Phone X,Electronics,26770,5,Pune,2026-07-28 02:54:56.485555,Cancelled,False,16090.92,53395.42,5,Superb quality!,133850
713,1175,Canon Shoes Core,Fashion,34106,4,Mumbai,2026-07-25 02:54:56.485567,Cancelled,False,23495.93,42440.26,3,Okay product,136424
714,1276,Sony Jeans X,Fashion,35467,2,Hyderabad,2026-08-02 02:54:56.485578,Cancelled,False,31303.66,8326.67,3,Not bad,70934
715,1332,Xiaomi Router Edge,Electronics,3876,2,Delhi,2026-08-08 02:54:56.485587,Placed,True,2327.23,3097.54,3,Could be better,7752
716,1332,H&M Phone Ultra,Electronics,46733,5,Delhi,2026-07-11 02:54:56.485597,Cancelled,False,33764.73,64841.37,5,Excellent performance,233665
717,1739,Asus TV Plus,Electronics,1182,3,Pune,2026-08-06 02:54:56.485606,Cancelled,True,799.97,1146.08,1,Bad experience,3546
718,1159,Sony Laptop Elite,Electronics,25533,3,Chennai,2026-08-07 02:54:56.485616,Cancelled,True,17803.62,23188.13,2,Terrible product,76599
719,1189,Lenovo Phone Ultra,Electronics,48328,4,Hyderabad,2026-07-30 02:54:56.485625,Delivered,False,30355.17,71891.32,2,Will not recommend,193312
720,1166,Nikon Jeans Air,Fashion,12041,2,Mumbai,2026-07-04 02:54:56.485635,Cancelled,False,9563.8,4954.41,1,Disappointed,24082
721,1930,Adidas Headphones Elite,Electronics,26334,5,Pune,2026-08-04 02:54:56.485646,Cancelled,True,16369.6,49822.0,2,Will not recommend,131670
722,1846,Apple T-shirt X,Fashion,26878,1,Delhi,2026-08-04 02:54:56.485655,Placed,True,19173.76,7704.24,1,Bad experience,26878
723,1811,HP Tablet Air,Electronics,42736,1,Delhi,2026-08-05 02:54:56.485664,Placed,True,29073.17,13662.83,5,Amazing product!,42736
724,1913,Samsung Headphones Neo,Electronics,7469,5,Chennai,2026-07-07 02:54:56.485673,Placed,False,4934.74,12671.29,4,Best purchase ever,37345
725,1642,OnePlus Phone Core,Electronics,11191,3,Kolkata,2026-07-19 02:54:56.485682,Cancelled,False,7533.14,10973.58,5,Excellent performance,33573
726,1001,Panasonic Headphones Plus,Electronics,1889,1,Mumbai,2026-08-08 02:54:56.485692,Shipped,True,1191.52,697.48,4,Highly recommended!,1889
727,1703,Xiaomi Jacket Plus,Fashion,15355,4,Pune,2026-07-30 02:54:56.485703,Shipped,False,12231.94,12492.25,2,Terrible product,61420
728,1078,Nike TV Pro,Electronics,7866,4,Kolkata,2026-08-04 02:54:56.485712,Cancelled,True,4959.68,11625.29,3,Could be better,31464
729,1614,Dell Phone Elite,Electronics,8256,3,Mumbai,2026-08-04 02:54:56.485722,Cancelled,True,5394.64,8584.09,5,Worth every penny,24768
730,1938,Samsung Watch Ultra,Electronics,28368,2,Chennai,2026-07-15 02:54:56.485731,Shipped,False,19985.7,16764.6,1,Disappointed,56736
731,1151,LG Laptop Edge,Electronics,24690,3,Chennai,2026-08-04 02:54:56.485740,Cancelled,True,20575.05,12344.86,2,Not worth it,74070
732,1092,Canon Bag Pro,Fashion,47773,4,Bangalore,2026-08-04 02:54:56.485749,Delivered,True,42416.48,21426.08,3,Not bad,191092
733,1812,OnePlus Jeans Core,Fashion,12419,4,Pune,2026-07-24 02:54:56.485759,Delivered,False,9030.47,13554.12,4,Best purchase ever,49676
734,1549,Dell Phone Elite,Electronics,9558,2,Hyderabad,2026-07-21 02:54:56.485770,Delivered,False,7279.6,4556.79,4,Fantastic experience,19116
735,1002,Apple Laptop Edge,Electronics,25706,1,Mumbai,2026-07-18 02:54:56.485781,Cancelled,False,20845.72,4860.28,2,Not worth it,25706
736,1369,Adidas Tablet Plus,Electronics,1624,3,Hyderabad,2026-07-04 02:54:56.485791,Cancelled,False,1423.06,602.81,1,Not worth it,4872
737,1764,Asus Headphones Air,Electronics,9632,3,Mumbai,2026-07-30 02:54:56.485800,Delivered,False,6479.92,9456.24,2,Not satisfied,28896
738,1055,Nikon Phone Ultra,Electronics,46098,2,Pune,2026-07-11 02:54:56.485810,Placed,False,37285.76,17624.49,4,Worth every penny,92196
739,1080,Xiaomi TV Prime,Electronics,43933,5,Mumbai,2026-08-07 02:54:56.485819,Cancelled,True,26757.64,85876.78,3,Not bad,219665
740,1481,H&M Jeans Pro,Fashion,1317,5,Chennai,2026-07-30 02:54:56.485828,Cancelled,False,975.8,1705.98,2,Disappointed,6585
741,1515,Adidas TV X,Electronics,22607,4,Mumbai,2026-08-06 02:54:56.485840,Placed,True,14621.44,31942.23,1,Waste of money,90428
742,1726,Samsung Bag Prime,Fashion,26477,4,Mumbai,2026-07-17 02:54:56.485849,Shipped,False,23187.1,13159.59,5,Excellent performance,105908
743,1410,H&M Bag Elite,Fashion,10776,3,Kolkata,2026-08-08 02:54:56.485858,Delivered,True,9627.04,3446.88,2,Very poor quality,32328
744,1320,Apple Speaker Edge,Electronics,14846,4,Pune,2026-08-08 02:54:56.485867,Placed,True,12544.39,9206.44,4,Top notch quality,59384
745,1111,HP Tablet Max,Electronics,27048,4,Delhi,2026-08-04 02:54:56.485879,Shipped,True,21475.95,22288.18,2,Disappointed,108192
746,1066,H&M Jeans Pro,Fashion,24270,5,Mumbai,2026-08-03 02:54:56.485888,Cancelled,False,16616.75,38266.26,5,Loved it!,121350
747,1275,Nikon Laptop Air,Electronics,1219,3,Delhi,2026-08-08 02:54:56.485897,Cancelled,True,964.86,762.42,1,Very poor quality,3657
748,1365,Boat Watch Mini,Electronics,37514,1,Hyderabad,2026-08-02 02:54:56.485910,Placed,False,26048.75,11465.25,3,Average experience,37514
749,1339,Panasonic Speaker Pro,Electronics,26592,5,Chennai,2026-08-06 02:54:56.485932,Delivered,True,21744.45,24237.75,2,Bad experience,132960
750,1600,HP Headphones Ultra,Electronics,49091,5,Hyderabad,2026-08-08 02:54:56.485942,Cancelled,True,29803.42,96437.9,4,Top notch quality,245455
751,1905,Sony Bag Max,Fashion,2951,3,Mumbai,2026-08-05 02:54:56.485951,Delivered,True,1840.32,3332.04,1,Very poor quality,8853
752,1297,Lenovo Camera X,Electronics,45160,2,Bangalore,2026-08-08 02:54:56.485961,Shipped,True,33158.46,24003.08,2,Not worth it,90320
753,1981,Realme Headphones Max,Electronics,28739,1,Mumbai,2026-07-27 02:54:56.485970,Cancelled,False,25839.32,2899.68,5,Loved it!,28739
754,1510,Realme T-shirt Mini,Fashion,41642,4,Delhi,2026-08-04 02:54:56.485980,Cancelled,True,34558.5,28334.02,3,Okay product,166568
755,1091,Acer Tablet Max,Electronics,21059,2,Delhi,2026-07-29 02:54:56.485994,Placed,False,14405.1,13307.81,3,Could be better,42118
756,1962,Canon Phone Max,Electronics,47073,4,Delhi,2026-07-19 02:54:56.486007,Shipped,False,39020.88,32208.49,4,Highly recommended!,188292
757,1451,OnePlus Tablet X,Electronics,37772,4,Bangalore,2026-08-06 02:54:56.486016,Shipped,True,27206.48,42262.07,5,Highly recommended!,151088
758,1635,Canon Laptop Ultra,Electronics,41435,3,Pune,2026-08-01 02:54:56.486026,Delivered,False,31150.12,30854.65,3,Average experience,124305
759,1874,H&M Headphones Core,Electronics,49064,2,Delhi,2026-08-05 02:54:56.486035,Placed,True,33716.69,30694.62,2,Terrible product,98128
760,1111,Acer Watch Core,Electronics,25942,4,Delhi,2026-08-06 02:54:56.486045,Delivered,True,19211.26,26922.96,5,Top notch quality,103768
761,1324,Boat T-shirt Ultra,Fashion,48457,1,Bangalore,2026-07-10 02:54:56.486054,Delivered,False,31973.93,16483.07,3,Okay product,48457
762,1971,Canon Jacket Max,Fashion,32369,2,Chennai,2026-07-31 02:54:56.486070,Shipped,False,23835.68,17066.65,5,Highly recommended!,64738
763,1958,HP TV Prime,Electronics,42457,2,Hyderabad,2026-07-16 02:54:56.486080,Placed,False,38056.04,8801.91,4,Amazing product!,84914
764,1258,Xiaomi Headphones Ultra,Electronics,28687,4,Pune,2026-08-04 02:54:56.486089,Cancelled,True,24682.47,16018.11,4,Excellent performance,114748
765,1537,Nikon Watch Plus,Electronics,5978,2,Mumbai,2026-08-06 02:54:56.486098,Delivered,True,3733.34,4489.33,4,Very satisfied,11956
766,1203,Nike T-shirt Ultra,Fashion,17503,2,Bangalore,2026-08-04 02:54:56.486108,Delivered,True,12297.71,10410.58,3,Not bad,35006
767,1934,Canon Router Max,Electronics,27966,4,Pune,2026-07-17 02:54:56.486117,Cancelled,False,24880.71,12341.18,4,Worth every penny,111864
768,1154,Sony Router Edge,Electronics,26002,1,Chennai,2026-08-04 02:54:56.486126,Cancelled,True,18126.51,7875.49,3,Average experience,26002
769,1965,JBL Jeans Elite,Fashion,10165,4,Hyderabad,2026-07-31 02:54:56.486136,Delivered,False,6900.42,13058.33,1,Will not recommend,40660
770,1713,Boat Phone Prime,Electronics,8739,4,Kolkata,2026-08-04 02:54:56.486145,Cancelled,True,7198.42,6162.31,2,Terrible product,34956
771,1379,Xiaomi Tablet X,Electronics,11385,5,Hyderabad,2026-07-28 02:54:56.486156,Shipped,False,7547.45,19187.77,2,Not satisfied,56925
772,1420,Sony Watch Pro,Electronics,1561,3,Bangalore,2026-07-18 02:54:56.486166,Placed,False,1264.09,890.73,4,Very satisfied,4683
773,1566,Asus Phone Elite,Electronics,36051,4,Kolkata,2026-07-31 02:54:56.486175,Cancelled,False,26592.91,37832.34,3,Not bad,144204
774,1089,Realme Headphones Edge,Electronics,36070,4,Hyderabad,2026-07-25 02:54:56.486187,Delivered,False,28503.67,30265.3,5,Loved it!,144280
775,1102,Realme TV Core,Electronics,7303,1,Pune,2026-08-08 02:54:56.486196,Delivered,True,4608.94,2694.06,5,Fantastic experience,7303
776,1390,Boat Camera Core,Electronics,33488,5,Delhi,2026-08-06 02:54:56.486206,Delivered,True,22221.34,56333.29,4,Fantastic experience,167440
777,1962,Lenovo Shoes X,Fashion,31274,1,Bangalore,2026-07-04 02:54:56.486217,Delivered,False,22638.64,8635.36,4,Amazing product!,31274
778,1004,Canon Headphones Edge,Electronics,15175,5,Chennai,2026-07-26 02:54:56.486227,Shipped,False,10504.42,23352.88,4,Superb quality!,75875
779,1247,JBL Bag Max,Fashion,1517,1,Kolkata,2026-08-06 02:54:56.486237,Shipped,True,1062.7,454.3,5,Very satisfied,1517
780,1131,Adidas Jeans Plus,Fashion,26148,2,Pune,2026-07-08 02:54:56.486246,Placed,False,21974.77,8346.47,5,Very satisfied,52296
781,1101,Boat Phone X,Electronics,48217,2,Pune,2026-07-06 02:54:56.486257,Shipped,False,36412.66,23608.67,4,Superb quality!,96434
782,1971,HP Shoes Mini,Fashion,8779,5,Bangalore,2026-08-08 02:54:56.486266,Delivered,True,7487.69,6456.55,3,Not bad,43895
783,1028,Apple Jacket Elite,Fashion,6611,1,Kolkata,2026-08-07 02:54:56.486276,Placed,True,5213.89,1397.11,5,Highly recommended!,6611
784,1245,Canon T-shirt Pro,Fashion,36130,1,Pune,2026-08-03 02:54:56.486285,Cancelled,False,32337.23,3792.77,3,Not bad,36130
785,1675,HP Headphones Ultra,Electronics,15032,3,Delhi,2026-08-08 02:54:56.486294,Cancelled,True,12294.58,8212.26,4,Excellent performance,45096
786,1109,Xiaomi Shoes Ultra,Fashion,5937,2,Mumbai,2026-08-08 02:54:56.486303,Placed,True,3759.78,4354.44,5,Loved it!,11874
787,1103,Panasonic Speaker Pro,Electronics,17670,2,Chennai,2026-08-04 02:54:56.486312,Delivered,True,15079.35,5181.3,2,Terrible product,35340
788,1911,Adidas Router Air,Electronics,1938,4,Bangalore,2026-08-07 02:54:56.486323,Placed,True,1285.07,2611.74,4,Very satisfied,7752
789,1875,Dell TV Neo,Electronics,30048,2,Delhi,2026-08-06 02:54:56.486333,Placed,True,26174.56,7746.89,5,Best purchase ever,60096
790,1197,Nikon Phone Ultra,Electronics,22966,3,Kolkata,2026-07-15 02:54:56.486342,Placed,False,14870.86,24285.41,3,Okay product,68898
791,1335,Samsung Phone Mini,Electronics,35624,1,Mumbai,2026-08-05 02:54:56.486352,Shipped,True,22601.17,13022.83,2,Not satisfied,35624
792,1725,H&M Speaker Plus,Electronics,5968,2,Kolkata,2026-07-26 02:54:56.486361,Delivered,False,3937.51,4060.97,1,Not worth it,11936
793,1202,Sony Phone Ultra,Electronics,19788,4,Pune,2026-07-21 02:54:56.486370,Delivered,False,17348.23,9759.09,3,Not bad,79152
794,1443,Dell Watch Plus,Electronics,47515,3,Chennai,2026-07-31 02:54:56.486380,Shipped,False,30870.3,49934.09,2,Will not recommend,142545
795,1580,H&M Bag Elite,Fashion,39581,3,Bangalore,2026-07-15 02:54:56.486391,Placed,False,30959.81,25863.57,4,Superb quality!,118743
796,1300,HP Jacket Prime,Fashion,41964,1,Kolkata,2026-07-29 02:54:56.486400,Placed,False,37240.08,4723.92,3,Just okay,41964
797,1809,Lenovo Jacket Ultra,Fashion,42777,5,Mumbai,2026-07-22 02:54:56.486410,Placed,False,27137.51,78197.43,3,Just okay,213885
798,1009,JBL Speaker Plus,Electronics,16577,1,Bangalore,2026-08-06 02:54:56.486421,Shipped,True,10667.5,5909.5,3,Okay product,16577
799,1394,Sony Laptop Elite,Electronics,1214,3,Bangalore,2026-08-07 02:54:56.486430,Shipped,True,1055.72,474.83,5,Loved it!,3642
800,1698,Nikon Tablet Prime,Electronics,14405,5,Hyderabad,2026-08-04 02:54:56.486439,Shipped,True,11738.34,13333.29,1,Terrible product,72025
801,1281,HP Tablet Mini,Electronics,21326,3,Chennai,2026-08-05 02:54:56.486449,Placed,True,17931.28,10184.17,4,Amazing product!,63978
802,1291,Xiaomi Laptop X,Electronics,8632,4,Delhi,2026-08-08 02:54:56.486459,Shipped,True,6710.1,7687.61,2,Not satisfied,34528
803,1917,LG Jacket Edge,Fashion,38232,1,Kolkata,2026-07-25 02:54:56.486469,Cancelled,False,32592.51,5639.49,4,Amazing product!,38232
804,1740,H&M Shoes X,Fashion,35071,1,Bangalore,2026-07-14 02:54:56.486478,Placed,False,21773.35,13297.65,1,Terrible product,35071
805,1305,Xiaomi Shoes Ultra,Fashion,21287,3,Pune,2026-08-01 02:54:56.486487,Shipped,False,15925.77,16083.68,1,Terrible product,63861
806,1142,Acer Tablet Max,Electronics,32831,1,Delhi,2026-07-04 02:54:56.486497,Placed,False,19987.07,12843.93,1,Not satisfied,32831
807,1956,Nike Bag Plus,Fashion,45562,4,Pune,2026-08-05 02:54:56.486506,Placed,True,29950.09,62447.66,3,Average experience,182248
808,1337,JBL Shoes X,Fashion,3940,3,Pune,2026-08-04 02:54:56.486515,Placed,True,3483.53,1369.42,1,Disappointed,11820
809,1771,Samsung Shoes Mini,Fashion,25374,3,Kolkata,2026-08-05 02:54:56.486528,Delivered,True,16137.11,27710.66,3,Not bad,76122
810,1329,Dell Headphones Mini,Electronics,27585,4,Hyderabad,2026-08-08 02:54:56.486538,Cancelled,True,21333.29,25006.86,4,Excellent performance,110340
811,1675,Panasonic Laptop Core,Electronics,32134,2,Pune,2026-08-06 02:54:56.486547,Shipped,True,26138.26,11991.48,3,Works fine,64268
812,1838,Xiaomi Bag Ultra,Fashion,13993,1,Chennai,2026-08-07 02:54:56.486556,Placed,True,9287.75,4705.25,2,Will not recommend,13993
813,1671,Xiaomi Laptop Prime,Electronics,32458,1,Mumbai,2026-07-28 02:54:56.486565,Shipped,False,26879.98,5578.02,3,Nothing special,32458
814,1525,Asus Headphones Air,Electronics,33563,1,Mumbai,2026-08-05 02:54:56.486575,Shipped,True,24020.12,9542.88,4,Best purchase ever,33563
815,1150,OnePlus Router Mini,Electronics,26727,2,Chennai,2026-08-06 02:54:56.486584,Delivered,True,17352.74,18748.51,3,Okay product,53454
816,1677,Nikon Bag Air,Fashion,7523,1,Kolkata,2026-08-04 02:54:56.486598,Delivered,True,4935.91,2587.09,1,Will not recommend,7523
817,1406,H&M T-shirt Neo,Fashion,23565,3,Kolkata,2026-08-08 02:54:56.486607,Placed,True,16644.62,20761.14,2,Waste of money,70695
818,1749,Boat Watch Elite,Electronics,33787,3,Chennai,2026-08-07 02:54:56.486616,Shipped,True,24020.33,29300.0,1,Terrible product,101361
819,1443,Sony Router Elite,Electronics,19767,2,Delhi,2026-07-29 02:54:56.486626,Shipped,False,15000.56,9532.88,4,Fantastic experience,39534
820,1244,Dell Camera X,Electronics,3768,2,Delhi,2026-08-05 02:54:56.486637,Placed,True,2320.87,2894.27,1,Disappointed,7536
821,1751,Zara Jacket Prime,Fashion,7121,3,Hyderabad,2026-08-08 02:54:56.486646,Delivered,True,5109.83,6033.5,1,Very poor quality,21363
822,1722,Canon Jacket Core,Fashion,45830,3,Kolkata,2026-07-28 02:54:56.486655,Cancelled,False,38300.97,22587.09,3,Decent quality,137490
823,1322,Boat Laptop Max,Electronics,48595,1,Pune,2026-08-05 02:54:56.486666,Delivered,True,39931.83,8663.17,2,Waste of money,48595
824,1438,HP Bag Edge,Fashion,11421,2,Bangalore,2026-07-06 02:54:56.486676,Delivered,False,7338.56,8164.87,1,Will not recommend,22842
825,1001,Sony Jeans Plus,Fashion,12133,3,Chennai,2026-08-05 02:54:56.486685,Placed,True,9441.92,8073.24,4,Best purchase ever,36399
826,1537,JBL Watch Edge,Electronics,16720,4,Kolkata,2026-08-04 02:54:56.486694,Placed,True,12877.41,15370.36,3,Works fine,66880
827,1502,Apple Jacket Mini,Fashion,49979,2,Pune,2026-08-04 02:54:56.486703,Shipped,True,42040.72,15876.55,3,Nothing special,99958
828,1727,Nikon T-shirt Prime,Fashion,36263,3,Bangalore,2026-07-26 02:54:56.486712,Shipped,False,26748.5,28543.49,3,Decent quality,108789
829,1420,Canon Jacket Air,Fashion,34436,5,Hyderabad,2026-07-31 02:54:56.486722,Shipped,False,27746.3,33448.51,1,Waste of money,172180
830,1211,H&M Speaker Plus,Electronics,43712,2,Pune,2026-07-19 02:54:56.486733,Placed,False,29431.74,28560.52,4,Worth every penny,87424
831,1271,LG Watch Mini,Electronics,13203,4,Pune,2026-08-06 02:54:56.486743,Delivered,True,11832.52,5481.91,5,Highly recommended!,52812
832,1854,Sony Shoes Prime,Fashion,22205,4,Kolkata,2026-07-04 02:54:56.486754,Shipped,False,15383.56,27285.77,1,Not worth it,88820
833,1477,Boat Shoes Max,Fashion,28907,4,Pune,2026-07-25 02:54:56.486764,Placed,False,25751.54,12621.84,4,Highly recommended!,115628
834,1464,Panasonic Laptop Air,Electronics,34787,3,Delhi,2026-08-06 02:54:56.486773,Delivered,True,23880.51,32719.47,3,Average experience,104361
835,1676,OnePlus Laptop Plus,Electronics,19047,5,Hyderabad,2026-08-04 02:54:56.486782,Delivered,True,13175.69,29356.53,4,Worth every penny,95235
836,1158,Zara Shoes Edge,Fashion,3770,3,Delhi,2026-08-06 02:54:56.486791,Shipped,True,3150.13,1859.6,5,Fantastic experience,11310
837,1955,Xiaomi Phone Max,Electronics,18238,2,Bangalore,2026-08-07 02:54:56.486803,Placed,True,12533.89,11408.21,1,Will not recommend,36476
838,1177,Realme Watch Core,Electronics,44966,4,Kolkata,2026-07-22 02:54:56.486812,Placed,False,39026.45,23758.22,3,Decent quality,179864
839,1308,Panasonic Jeans Elite,Fashion,44993,3,Bangalore,2026-08-05 02:54:56.486822,Shipped,True,28827.34,48496.98,5,Superb quality!,134979
840,1141,Dell TV Max,Electronics,19986,5,Kolkata,2026-07-17 02:54:56.486831,Cancelled,False,14245.82,28700.92,4,Loved it!,99930
841,1472,Xiaomi Headphones Plus,Electronics,45990,3,Delhi,2026-07-20 02:54:56.486842,Shipped,False,33494.55,37486.35,4,Very satisfied,137970
842,1594,Panasonic Router Ultra,Electronics,37128,1,Kolkata,2026-08-01 02:54:56.486852,Cancelled,False,29129.24,7998.76,3,Works fine,37128
843,1826,HP Jacket Prime,Fashion,8841,5,Hyderabad,2026-08-02 02:54:56.486863,Delivered,False,5638.62,16011.9,1,Will not recommend,44205
844,1608,JBL Watch Edge,Electronics,34448,4,Delhi,2026-08-04 02:54:56.486873,Placed,True,23460.89,43948.42,1,Not worth it,137792
845,1718,JBL Phone Max,Electronics,19543,5,Mumbai,2026-07-12 02:54:56.486882,Shipped,False,16793.19,13749.06,1,Not satisfied,97715
846,1643,Realme Watch Mini,Electronics,9947,5,Bangalore,2026-07-30 02:54:56.486892,Cancelled,False,8639.13,6539.37,2,Disappointed,49735
847,1532,JBL Shoes Neo,Fashion,922,4,Delhi,2026-08-04 02:54:56.486901,Placed,True,553.21,1475.16,5,Loved it!,3688
848,1414,Nikon Watch Ultra,Electronics,13888,1,Chennai,2026-08-03 02:54:56.486910,Delivered,False,9960.67,3927.33,1,Disappointed,13888
849,1442,LG Phone Plus,Electronics,15896,5,Mumbai,2026-07-08 02:54:56.486933,Delivered,False,13635.5,11302.52,5,Loved it!,79480
850,1487,HP Camera X,Electronics,1919,2,Chennai,2026-08-05 02:54:56.486945,Cancelled,True,1445.88,946.24,5,Superb quality!,3838
851,1426,Xiaomi Tablet Plus,Electronics,19469,1,Hyderabad,2026-07-23 02:54:56.486955,Shipped,False,13966.22,5502.78,1,Will not recommend,19469
852,1034,Lenovo Headphones Core,Electronics,10210,1,Pune,2026-07-20 02:54:56.486964,Placed,False,7854.17,2355.83,1,Disappointed,10210
853,1283,Sony Phone Ultra,Electronics,43569,5,Delhi,2026-08-02 02:54:56.486973,Shipped,False,38725.82,24215.88,4,Top notch quality,217845
854,1360,Boat Watch Plus,Electronics,23945,5,Pune,2026-08-06 02:54:56.486983,Delivered,True,18052.46,29462.7,2,Waste of money,119725
855,1069,JBL Shoes Neo,Fashion,37406,3,Hyderabad,2026-07-12 02:54:56.486992,Cancelled,False,25567.08,35516.77,3,Just okay,112218
856,1265,Samsung Headphones Prime,Electronics,32202,4,Mumbai,2026-07-15 02:54:56.487001,Cancelled,False,24886.08,29263.67,5,Fantastic experience,128808
857,1237,Puma Speaker Max,Electronics,21738,5,Delhi,2026-07-16 02:54:56.487013,Delivered,False,13483.45,41272.75,1,Waste of money,108690
858,1921,Adidas Phone Prime,Electronics,7461,4,Mumbai,2026-07-24 02:54:56.487022,Cancelled,False,6673.11,3151.57,2,Bad experience,29844
859,1781,Nike Headphones Elite,Electronics,25671,4,Bangalore,2026-08-04 02:54:56.487032,Shipped,True,16284.2,37547.21,1,Will not recommend,102684
860,1652,Asus Headphones Ultra,Electronics,41872,1,Kolkata,2026-08-06 02:54:56.487041,Placed,True,33900.31,7971.69,4,Highly recommended!,41872
861,1759,Realme Shoes Edge,Fashion,13589,2,Mumbai,2026-07-19 02:54:56.487050,Delivered,False,10920.86,5336.27,2,Very poor quality,27178
862,1034,HP Tablet Mini,Electronics,35137,2,Hyderabad,2026-08-08 02:54:56.487065,Placed,True,27713.77,14846.46,1,Very poor quality,70274
863,1194,H&M Jeans Max,Fashion,843,3,Hyderabad,2026-07-16 02:54:56.487075,Placed,False,591.97,753.1,5,Top notch quality,2529
864,1640,Asus Headphones Neo,Electronics,37879,4,Chennai,2026-07-23 02:54:56.487084,Cancelled,False,31836.5,24170.02,4,Very satisfied,151516
865,1052,JBL Watch Edge,Electronics,5144,5,Kolkata,2026-08-05 02:54:56.487094,Shipped,True,3242.13,9509.36,4,Superb quality!,25720
866,1893,Puma Bag Mini,Fashion,22187,1,Hyderabad,2026-08-06 02:54:56.487103,Shipped,True,15910.92,6276.08,3,Okay product,22187
867,1596,Asus Tablet Pro,Electronics,19378,1,Chennai,2026-08-08 02:54:56.487112,Shipped,True,13947.62,5430.38,1,Bad experience,19378
868,1142,Sony Speaker Prime,Electronics,17739,1,Mumbai,2026-08-06 02:54:56.487122,Delivered,True,12031.73,5707.27,3,Average experience,17739
869,1719,Boat Headphones Plus,Electronics,48595,3,Hyderabad,2026-08-05 02:54:56.487132,Delivered,True,30219.95,55125.16,5,Best purchase ever,145785
870,1277,Canon Tablet Edge,Electronics,2817,3,Pune,2026-08-07 02:54:56.487141,Placed,True,2440.24,1130.27,4,Highly recommended!,8451
871,1310,Lenovo TV Mini,Electronics,7319,1,Hyderabad,2026-07-18 02:54:56.487151,Cancelled,False,5819.34,1499.66,4,Top notch quality,7319
872,1565,Adidas Tablet Plus,Electronics,15426,1,Chennai,2026-08-04 02:54:56.487160,Cancelled,True,11727.71,3698.29,4,Amazing product!,15426
873,1120,Canon Camera X,Electronics,25870,4,Kolkata,2026-08-07 02:54:56.487170,Delivered,True,19787.02,24331.93,1,Will not recommend,103480
874,1094,OnePlus Phone Edge,Electronics,24598,3,Kolkata,2026-08-06 02:54:56.487181,Delivered,True,21533.6,9193.21,2,Very poor quality,73794
875,1129,Samsung Bag Prime,Fashion,15384,4,Chennai,2026-08-04 02:54:56.487191,Cancelled,True,12980.81,9612.75,1,Not satisfied,61536
876,1490,Boat T-shirt Ultra,Fashion,19020,1,Pune,2026-07-23 02:54:56.487202,Cancelled,False,17107.09,1912.91,2,Terrible product,19020
877,1454,Boat Shoes Max,Fashion,43530,1,Pune,2026-08-06 02:54:56.487212,Cancelled,True,32581.28,10948.72,3,Works fine,43530
878,1714,Zara T-shirt Ultra,Fashion,24547,5,Kolkata,2026-07-07 02:54:56.487222,Cancelled,False,18607.93,29695.33,3,Could be better,122735
879,1286,Apple Jacket X,Fashion,7340,1,Delhi,2026-07-06 02:54:56.487231,Delivered,False,5957.51,1382.49,5,Top notch quality,7340
880,1240,Apple Jacket Elite,Fashion,9487,5,Pune,2026-08-06 02:54:56.487241,Cancelled,True,6041.55,17227.23,2,Not satisfied,47435
881,1602,Adidas Phone Neo,Electronics,43092,4,Chennai,2026-08-04 02:54:56.487250,Delivered,True,36666.88,25700.49,3,Decent quality,172368
882,1454,Sony Bag Edge,Fashion,6037,1,Delhi,2026-07-07 02:54:56.487259,Delivered,False,4519.34,1517.66,4,Very satisfied,6037
883,1959,Acer Watch Core,Electronics,13982,4,Delhi,2026-08-07 02:54:56.487272,Placed,True,11159.32,11290.7,1,Not worth it,55928
884,1886,Boat Phone Elite,Electronics,40394,3,Chennai,2026-07-09 02:54:56.487282,Cancelled,False,33412.93,20943.2,3,Just okay,121182
885,1434,Canon Headphones Edge,Electronics,48290,1,Kolkata,2026-08-08 02:54:56.487292,Delivered,True,42772.48,5517.52,3,Nothing special,48290
886,1929,JBL Shoes Neo,Fashion,37744,5,Delhi,2026-07-29 02:54:56.487301,Delivered,False,27938.1,49029.5,2,Waste of money,188720
887,1630,Xiaomi Watch Neo,Electronics,45234,3,Bangalore,2026-08-05 02:54:56.487311,Shipped,True,31720.78,40539.66,4,Amazing product!,135702
888,1867,Xiaomi Headphones Ultra,Electronics,18112,3,Mumbai,2026-08-04 02:54:56.487321,Shipped,True,13955.88,12468.36,3,Decent quality,54336
889,1653,Boat Camera Core,Electronics,30825,1,Hyderabad,2026-08-03 02:54:56.487330,Delivered,False,18837.19,11987.81,3,Nothing special,30825
890,1321,Realme Shoes Edge,Fashion,14776,4,Delhi,2026-08-08 02:54:56.487341,Placed,True,10091.03,18739.89,5,Fantastic experience,59104
891,1892,Adidas Phone Neo,Electronics,12283,3,Kolkata,2026-07-26 02:54:56.487350,Delivered,False,7838.6,13333.19,2,Waste of money,36849
892,1324,Canon Speaker Max,Electronics,3749,2,Delhi,2026-08-04 02:54:56.487359,Cancelled,True,3019.19,1459.62,4,Best purchase ever,7498
893,1614,Xiaomi Speaker Air,Electronics,47512,2,Mumbai,2026-08-06 02:54:56.487369,Shipped,True,28736.94,37550.12,3,Average experience,95024
894,1849,Nikon T-shirt Prime,Fashion,7654,1,Hyderabad,2026-07-31 02:54:56.487378,Placed,False,5136.55,2517.45,3,Could be better,7654
895,1343,Dell Camera X,Electronics,27760,1,Chennai,2026-07-06 02:54:56.487387,Shipped,False,17847.57,9912.43,3,Could be better,27760
896,1045,HP Headphones Ultra,Electronics,43228,3,Bangalore,2026-07-04 02:54:56.487396,Shipped,False,34002.06,27677.82,2,Not worth it,129684
897,1802,H&M Watch Max,Electronics,10334,5,Kolkata,2026-08-04 02:54:56.487408,Cancelled,True,8705.47,8142.66,5,Fantastic experience,51670
898,1780,Dell Router Plus,Electronics,23047,2,Pune,2026-07-08 02:54:56.487417,Placed,False,18371.17,9351.65,2,Terrible product,46094
899,1621,Zara Camera Max,Electronics,5566,2,Chennai,2026-07-17 02:54:56.487427,Placed,False,4754.91,1622.17,5,Amazing product!,11132
900,1932,Asus Tablet Neo,Electronics,34870,5,Mumbai,2026-07-24 02:54:56.487436,Shipped,False,22962.14,59539.29,5,Excellent performance,174350
901,1455,Panasonic Tablet Max,Electronics,16430,3,Pune,2026-08-07 02:54:56.487445,Shipped,True,13545.82,8652.54,1,Very poor quality,49290
902,1235,Samsung Headphones Neo,Electronics,27364,3,Chennai,2026-08-06 02:54:56.487454,Placed,True,23926.83,10311.52,4,Best purchase ever,82092
903,1681,Nike T-shirt Edge,Fashion,27949,2,Mumbai,2026-08-08 02:54:56.487463,Cancelled,True,23279.69,9338.63,4,Best purchase ever,55898
904,1151,Asus Headphones Ultra,Electronics,17557,3,Kolkata,2026-07-24 02:54:56.487474,Placed,False,10963.5,19780.5,4,Fantastic experience,52671
905,1783,Realme Headphones Mini,Electronics,41960,2,Kolkata,2026-08-07 02:54:56.487486,Placed,True,27275.31,29369.37,4,Excellent performance,83920
906,1135,Dell Router Plus,Electronics,31292,1,Kolkata,2026-08-04 02:54:56.487495,Delivered,True,18999.86,12292.14,2,Bad experience,31292
907,1729,JBL Laptop Core,Electronics,35188,4,Bangalore,2026-07-23 02:54:56.487505,Cancelled,False,25359.82,39312.7,5,Superb quality!,140752
908,1932,Nikon Phone Ultra,Electronics,22573,3,Chennai,2026-08-04 02:54:56.487514,Placed,True,18546.53,12079.41,3,Nothing special,67719
909,1155,Canon Jeans Pro,Fashion,29975,4,Delhi,2026-07-10 02:54:56.487523,Delivered,False,24280.77,22776.91,2,Bad experience,119900
910,1286,Apple TV X,Electronics,39366,3,Hyderabad,2026-07-22 02:54:56.487535,Shipped,False,28799.23,31700.32,5,Best purchase ever,118098
911,1520,Nikon Router Neo,Electronics,15721,3,Hyderabad,2026-07-24 02:54:56.487544,Placed,False,12093.21,10883.36,5,Best purchase ever,47163
912,1833,JBL Router Air,Electronics,28463,3,Pune,2026-07-22 02:54:56.487553,Shipped,False,23544.31,14756.07,2,Not satisfied,85389
913,1101,Nike Headphones Air,Electronics,48405,2,Bangalore,2026-07-18 02:54:56.487562,Shipped,False,37394.86,22020.27,5,Worth every penny,96810
914,1961,Realme Speaker Ultra,Electronics,11352,1,Bangalore,2026-07-26 02:54:56.487571,Delivered,False,8305.97,3046.03,2,Disappointed,11352
915,1772,Asus Headphones Ultra,Electronics,49879,1,Mumbai,2026-08-06 02:54:56.487581,Cancelled,True,31363.56,18515.44,5,Fantastic experience,49879
916,1208,Nike Camera Edge,Electronics,39716,1,Bangalore,2026-08-04 02:54:56.487599,Delivered,True,33748.72,5967.28,1,Not worth it,39716
917,1733,Canon Router Max,Electronics,37931,4,Pune,2026-07-18 02:54:56.487623,Cancelled,False,32215.23,22863.09,3,Okay product,151724
918,1749,H&M Shoes X,Fashion,8360,4,Pune,2026-07-19 02:54:56.487642,Shipped,False,5233.85,12504.58,2,Disappointed,33440
919,1464,Nike Jacket Mini,Fashion,23681,1,Pune,2026-08-04 02:54:56.487659,Shipped,True,15322.04,8358.96,3,Decent quality,23681
920,1194,Xiaomi Bag Ultra,Fashion,34109,1,Hyderabad,2026-07-06 02:54:56.487676,Placed,False,24900.02,9208.98,5,Worth every penny,34109
921,1271,Samsung Bag Neo,Fashion,43827,1,Chennai,2026-08-05 02:54:56.487692,Cancelled,True,34005.5,9821.5,2,Very poor quality,43827
922,1003,Adidas Router Edge,Electronics,32252,2,Chennai,2026-07-25 02:54:56.487708,Cancelled,False,21272.51,21958.97,1,Very poor quality,64504
923,1646,Canon T-shirt Ultra,Fashion,32657,5,Kolkata,2026-08-05 02:54:56.487727,Placed,True,23690.95,44830.26,3,Just okay,163285
924,1684,Lenovo Shoes Max,Fashion,42293,3,Chennai,2026-07-18 02:54:56.487754,Cancelled,False,36514.38,17335.87,2,Disappointed,126879
925,1986,OnePlus Watch Edge,Electronics,41789,4,Hyderabad,2026-07-17 02:54:56.487771,Delivered,False,28776.96,52048.17,2,Bad experience,167156
926,1475,Canon Tablet Edge,Electronics,19326,4,Bangalore,2026-07-24 02:54:56.487793,Cancelled,False,15436.17,15559.33,1,Waste of money,77304
927,1615,LG Laptop Edge,Electronics,7940,3,Chennai,2026-07-12 02:54:56.487811,Cancelled,False,6606.91,3999.27,4,Top notch quality,23820
928,1575,Boat Shoes Neo,Fashion,15891,1,Hyderabad,2026-07-26 02:54:56.487828,Cancelled,False,13776.59,2114.41,4,Amazing product!,15891
929,1274,Nike Bag Plus,Fashion,17644,3,Chennai,2026-07-22 02:54:56.487847,Delivered,False,12837.06,14420.81,3,Average experience,52932
930,1548,Nike Headphones Elite,Electronics,14848,3,Mumbai,2026-08-06 02:54:56.487864,Delivered,True,10734.26,12341.21,5,Highly recommended!,44544
931,1092,OnePlus Router Mini,Electronics,41478,1,Hyderabad,2026-07-30 02:54:56.487886,Placed,False,36711.5,4766.5,1,Terrible product,41478
932,1858,Canon Router Mini,Electronics,22342,3,Kolkata,2026-08-04 02:54:56.487906,Cancelled,True,15832.2,19529.41,2,Waste of money,67026
933,1220,Realme Watch Plus,Electronics,47543,2,Kolkata,2026-07-09 02:54:56.487950,Cancelled,False,41514.36,12057.27,3,Just okay,95086
934,1160,Xiaomi TV Neo,Electronics,16799,1,Bangalore,2026-08-04 02:54:56.487973,Placed,True,12606.81,4192.19,4,Amazing product!,16799
935,1134,Zara T-shirt Ultra,Fashion,2088,2,Hyderabad,2026-08-04 02:54:56.487994,Shipped,True,1722.55,730.91,4,Very satisfied,4176
936,1941,Apple Camera Pro,Electronics,18194,1,Mumbai,2026-08-04 02:54:56.488014,Delivered,True,11026.41,7167.59,5,Best purchase ever,18194
937,1761,Zara Watch X,Electronics,48726,5,Delhi,2026-07-28 02:54:56.488035,Shipped,False,40707.24,40093.82,4,Fantastic experience,243630
938,1385,Zara T-shirt Ultra,Fashion,18460,4,Bangalore,2026-08-04 02:54:56.488063,Shipped,True,16443.78,8064.9,5,Top notch quality,73840
939,1250,Zara T-shirt Edge,Fashion,6598,2,Chennai,2026-07-17 02:54:56.488084,Shipped,False,4915.54,3364.92,5,Fantastic experience,13196
940,1406,LG Router Ultra,Electronics,33073,4,Hyderabad,2026-07-10 02:54:56.488105,Placed,False,24331.18,34967.28,5,Amazing product!,132292
941,1829,Lenovo Phone Ultra,Electronics,29800,3,Pune,2026-07-16 02:54:56.488125,Placed,False,23626.8,18519.61,3,Not bad,89400
942,1412,Puma Watch Elite,Electronics,5981,1,Kolkata,2026-08-05 02:54:56.488143,Delivered,True,4653.35,1327.65,1,Waste of money,5981
943,1854,Apple Watch Prime,Electronics,31532,5,Mumbai,2026-08-04 02:54:56.488159,Delivered,True,21303.24,51143.78,3,Could be better,157660
944,1558,OnePlus Headphones Plus,Electronics,21566,5,Chennai,2026-07-07 02:54:56.488176,Placed,False,14674.44,34457.78,2,Will not recommend,107830
945,1435,HP Headphones Plus,Electronics,43230,2,Pune,2026-07-20 02:54:56.488202,Delivered,False,32609.66,21240.69,1,Bad experience,86460
946,1039,H&M Jeans Pro,Fashion,25120,2,Chennai,2026-08-05 02:54:56.488221,Placed,True,16324.46,17591.08,4,Loved it!,50240
947,1445,Realme Headphones Mini,Electronics,11688,5,Bangalore,2026-07-30 02:54:56.488246,Delivered,False,8413.28,16373.62,3,Okay product,58440
948,1297,JBL Shoes Neo,Fashion,44847,3,Kolkata,2026-07-15 02:54:56.488267,Shipped,False,34493.76,31059.72,2,Waste of money,134541
949,1949,Apple Camera Neo,Electronics,13899,5,Pune,2026-07-18 02:54:56.488288,Shipped,False,10307.96,17955.21,2,Not worth it,69495
950,1068,JBL Shoes Neo,Fashion,9369,2,Delhi,2026-08-03 02:54:56.488310,Shipped,False,6791.5,5154.99,2,Will not recommend,18738
951,1608,Adidas Headphones Neo,Electronics,46471,2,Mumbai,2026-08-04 02:54:56.488330,Delivered,True,32497.66,27946.68,1,Will not recommend,92942
952,1840,Canon T-shirt Ultra,Fashion,23467,5,Hyderabad,2026-08-06 02:54:56.488363,Placed,True,20612.56,14272.18,3,Decent quality,117335
953,1656,JBL T-shirt Edge,Fashion,38803,3,Pune,2026-07-15 02:54:56.488383,Delivered,False,34157.99,13935.04,5,Fantastic experience,116409
954,1129,Zara Tablet Air,Electronics,5577,5,Hyderabad,2026-08-04 02:54:56.488402,Cancelled,True,3814.64,8811.78,3,Okay product,27885
955,1214,H&M Laptop X,Electronics,38990,4,Mumbai,2026-07-16 02:54:56.488422,Shipped,False,34701.01,17155.96,5,Top notch quality,155960
956,1331,Realme Router X,Electronics,15693,2,Delhi,2026-08-08 02:54:56.488442,Cancelled,True,10090.6,11204.8,4,Amazing product!,31386
957,1246,Apple Bag Elite,Fashion,3920,2,Kolkata,2026-07-21 02:54:56.488466,Delivered,False,2736.66,2366.69,5,Loved it!,7840
958,1904,Dell Headphones Core,Electronics,25227,4,Kolkata,2026-07-23 02:54:56.488487,Shipped,False,21483.18,14975.27,3,Okay product,100908
959,1501,LG Laptop Elite,Electronics,14518,2,Pune,2026-07-12 02:54:56.488511,Cancelled,False,12368.8,4298.41,5,Top notch quality,29036
960,1789,Asus Shoes Mini,Fashion,16919,1,Pune,2026-07-14 02:54:56.488533,Shipped,False,11054.94,5864.06,3,Nothing special,16919
961,1200,Panasonic Speaker Air,Electronics,48242,4,Chennai,2026-08-08 02:54:56.488554,Cancelled,True,34480.35,55046.59,2,Not satisfied,192968
962,1514,Zara Jacket Core,Fashion,34972,2,Delhi,2026-08-08 02:54:56.488576,Shipped,True,24429.18,21085.64,3,Decent quality,69944
963,1640,Asus Headphones Ultra,Electronics,18393,1,Delhi,2026-07-14 02:54:56.488595,Delivered,False,13233.55,5159.45,3,Decent quality,18393
964,1826,OnePlus Tablet X,Electronics,37998,1,Delhi,2026-07-15 02:54:56.488614,Delivered,False,28387.93,9610.07,4,Fantastic experience,37998
965,1454,Samsung Speaker Ultra,Electronics,24717,1,Pune,2026-08-05 02:54:56.488635,Cancelled,True,15444.35,9272.65,1,Not satisfied,24717
966,1340,Lenovo Speaker Prime,Electronics,4584,3,Hyderabad,2026-08-08 02:54:56.488659,Shipped,True,4102.78,1443.67,2,Not satisfied,13752
967,1857,H&M T-shirt Max,Fashion,21240,2,Pune,2026-07-18 02:54:56.488678,Placed,False,18737.15,5005.69,4,Very satisfied,42480
968,1454,Nike T-shirt Ultra,Fashion,4529,1,Delhi,2026-08-08 02:54:56.488702,Cancelled,True,3707.83,821.17,1,Waste of money,4529
969,1120,JBL Bag Elite,Fashion,40380,2,Bangalore,2026-07-29 02:54:56.488722,Placed,False,27997.45,24765.11,5,Worth every penny,80760
970,1190,LG Watch Neo,Electronics,37735,1,Bangalore,2026-08-01 02:54:56.488743,Placed,False,33033.34,4701.66,2,Bad experience,37735
971,1898,Zara Router Plus,Electronics,41566,1,Pune,2026-08-04 02:54:56.488763,Cancelled,True,32894.65,8671.35,4,Loved it!,41566
972,1285,Canon Router Max,Electronics,16669,3,Mumbai,2026-08-05 02:54:56.488784,Shipped,True,10268.11,19202.66,3,Not bad,50007
973,1265,Zara Shoes Pro,Fashion,21179,4,Pune,2026-08-05 02:54:56.488810,Shipped,True,18321.33,11430.68,2,Disappointed,84716
974,1849,Adidas Phone Neo,Electronics,17837,1,Pune,2026-07-23 02:54:56.488847,Shipped,False,12568.98,5268.02,5,Top notch quality,17837
975,1661,Boat Shoes Neo,Fashion,11672,1,Hyderabad,2026-07-30 02:54:56.488872,Cancelled,False,10482.93,1189.07,4,Worth every penny,11672
976,1223,Dell Tablet X,Electronics,19419,2,Chennai,2026-07-12 02:54:56.488892,Shipped,False,12180.13,14477.75,2,Disappointed,38838
977,1577,Nike Laptop Plus,Electronics,2560,1,Chennai,2026-08-07 02:54:56.488911,Cancelled,True,1894.85,665.15,3,Could be better,2560
978,1431,Asus Tablet Neo,Electronics,39060,1,Chennai,2026-07-12 02:54:56.488952,Placed,False,30812.15,8247.85,1,Waste of money,39060
979,1770,HP Camera Core,Electronics,22564,1,Delhi,2026-08-06 02:54:56.488970,Shipped,True,14640.06,7923.94,5,Highly recommended!,22564
980,1740,OnePlus Laptop Neo,Electronics,40910,4,Bangalore,2026-07-11 02:54:56.488988,Delivered,False,30358.15,42207.4,2,Disappointed,163640
981,1431,Samsung Bag X,Fashion,22643,4,Chennai,2026-07-25 02:54:56.489005,Placed,False,20180.11,9851.54,2,Bad experience,90572
982,1907,Xiaomi Tablet X,Electronics,18152,5,Kolkata,2026-07-16 02:54:56.489025,Placed,False,11784.42,31837.9,2,Disappointed,90760
983,1993,Canon Jacket Prime,Fashion,46219,5,Delhi,2026-08-08 02:54:56.489035,Cancelled,True,29532.43,83432.86,3,Average experience,231095
984,1904,Acer Tablet Air,Electronics,9770,3,Mumbai,2026-07-22 02:54:56.489045,Cancelled,False,7211.98,7674.05,2,Very poor quality,29310
985,1701,Zara T-shirt Ultra,Fashion,20654,1,Kolkata,2026-08-05 02:54:56.489054,Cancelled,True,15097.34,5556.66,2,Waste of money,20654
986,1715,Samsung Jeans X,Fashion,25027,1,Mumbai,2026-07-29 02:54:56.489064,Shipped,False,15766.36,9260.64,5,Very satisfied,25027
987,1131,Panasonic Router Ultra,Electronics,31453,4,Bangalore,2026-07-12 02:54:56.489073,Cancelled,False,26071.92,21524.31,1,Terrible product,125812
988,1403,HP Tablet Air,Electronics,9250,4,Kolkata,2026-07-06 02:54:56.489083,Shipped,False,7824.92,5700.32,4,Best purchase ever,37000
989,1348,Nike Bag Core,Fashion,23232,4,Kolkata,2026-08-05 02:54:56.489092,Cancelled,True,19290.77,15764.94,3,Could be better,92928
990,1192,Nike TV Pro,Electronics,604,5,Delhi,2026-07-05 02:54:56.489106,Placed,False,479.38,623.11,2,Will not recommend,3020
991,1291,Nikon Phone X,Electronics,20287,4,Bangalore,2026-08-06 02:54:56.489115,Delivered,True,16152.78,16536.87,4,Highly recommended!,81148
992,1854,Realme T-shirt Elite,Fashion,44754,4,Delhi,2026-08-06 02:54:56.489126,Delivered,True,29262.64,61965.42,4,Fantastic experience,179016
993,1702,LG Watch Neo,Electronics,5915,3,Chennai,2026-08-07 02:54:56.489136,Placed,True,3834.49,6241.54,2,Terrible product,17745
994,1618,Samsung Bag Prime,Fashion,32359,4,Hyderabad,2026-07-10 02:54:56.489145,Placed,False,22356.39,40010.43,3,Okay product,129436
995,1114,HP Shoes Mini,Fashion,30008,5,Hyderabad,2026-07-10 02:54:56.489154,Delivered,False,24414.72,27966.4,5,Worth every penny,150040
996,1202,Canon Phone Max,Electronics,28291,5,Kolkata,2026-07-07 02:54:56.489164,Placed,False,18250.98,50200.09,3,Decent quality,141455
997,1471,Canon TV Ultra,Electronics,40773,4,Bangalore,2026-08-02 02:54:56.489173,Delivered,False,27909.7,51453.21,1,Will not recommend,163092
998,1183,Zara Router X,Electronics,39777,3,Bangalore,2026-07-21 02:54:56.489183,Shipped,False,31921.0,23568.01,1,Disappointed,119331
999,1365,Panasonic Phone Pro,Electronics,27832,1,Pune,2026-07-24 02:54:56.489194,Shipped,False,22009.4,5822.6,5,Loved it!,27832
1000,1648,OnePlus Headphones Plus,Electronics,35317,4,Chennai,2026-08-05 02:54:56.489205,Placed,True,26858.42,33834.31,2,Waste of money,141268
1001,1469,Boat Watch Elite,Electronics,18502,3,Delhi,2026-07-12 02:54:56.489214,Cancelled,False,16200.95,6903.14,5,Best purchase ever,55506
1002,1949,H&M Jeans Pro,Fashion,21903,3,Pune,2026-08-05 02:54:56.489226,Placed,True,15651.31,18755.06,1,Not worth it,65709
1003,1856,Lenovo Tablet Max,Electronics,20290,4,Chennai,2026-08-03 02:54:56.489235,Cancelled,False,17958.83,9324.66,3,Okay product,81160
1004,1587,Canon Jacket Prime,Fashion,8130,2,Chennai,2026-07-25 02:54:56.489245,Cancelled,False,6571.29,3117.41,1,Not worth it,16260
1005,1279,Asus Jeans Prime,Fashion,29135,3,Delhi,2026-08-06 02:54:56.489257,Placed,True,22765.7,19107.89,2,Disappointed,87405
1006,1809,H&M T-shirt X,Fashion,14074,1,Pune,2026-07-13 02:54:56.489267,Cancelled,False,9604.53,4469.47,4,Best purchase ever,14074
1007,1745,Nike T-shirt Mini,Fashion,6866,2,Pune,2026-08-04 02:54:56.489276,Shipped,True,4574.93,4582.13,5,Excellent performance,13732
1008,1012,Acer Jeans Ultra,Fashion,30688,5,Bangalore,2026-07-14 02:54:56.489285,Shipped,False,23397.68,36451.61,4,Fantastic experience,153440
1009,1545,Zara Speaker Max,Electronics,21448,3,Pune,2026-07-30 02:54:56.489294,Delivered,False,18366.07,9245.8,4,Superb quality!,64344
1010,1646,LG Phone X,Electronics,44604,4,Chennai,2026-07-22 02:54:56.489303,Placed,False,35603.34,36002.65,5,Loved it!,178416
1011,1690,LG Speaker Mini,Electronics,23129,1,Chennai,2026-08-08 02:54:56.489315,Shipped,True,15986.99,7142.01,3,Nothing special,23129
1012,1769,Samsung Phone Mini,Electronics,10717,5,Bangalore,2026-08-08 02:54:56.489327,Shipped,True,8246.39,12353.07,4,Amazing product!,53585
1013,1405,Realme Shoes Edge,Fashion,49262,4,Mumbai,2026-08-07 02:54:56.489336,Cancelled,True,35149.85,56448.61,1,Bad experience,197048
1014,1418,Nikon Phone X,Electronics,7750,5,Bangalore,2026-07-29 02:54:56.489346,Cancelled,False,6432.98,6585.08,4,Fantastic experience,38750
1015,1230,HP Router Plus,Electronics,14770,4,Hyderabad,2026-07-24 02:54:56.489355,Shipped,False,11654.75,12460.99,3,Just okay,59080
1016,1295,Panasonic TV Neo,Electronics,32929,4,Delhi,2026-07-08 02:54:56.489365,Delivered,False,21308.04,46483.85,2,Terrible product,131716
1017,1420,Zara Jacket Prime,Fashion,22392,4,Mumbai,2026-08-04 02:54:56.489375,Delivered,True,17332.47,20238.13,4,Very satisfied,89568
1018,1332,HP Camera X,Electronics,2403,5,Kolkata,2026-08-05 02:54:56.489384,Placed,True,1874.03,2644.86,4,Amazing product!,12015
1019,1565,Realme Watch Core,Electronics,11409,5,Kolkata,2026-07-13 02:54:56.489395,Placed,False,10103.28,6528.58,1,Terrible product,57045
1020,1135,Samsung TV Prime,Electronics,13150,2,Bangalore,2026-07-23 02:54:56.489405,Cancelled,False,8581.21,9137.59,2,Not worth it,26300
1021,1815,Nikon Camera Mini,Electronics,2524,2,Mumbai,2026-07-20 02:54:56.489414,Cancelled,False,2032.08,983.85,4,Superb quality!,5048
1022,1473,Adidas Jeans Plus,Fashion,30738,5,Pune,2026-08-08 02:54:56.489423,Shipped,True,26484.65,21266.76,2,Very poor quality,153690
1023,1980,Dell Tablet Prime,Electronics,5077,1,Bangalore,2026-08-07 02:54:56.489433,Delivered,True,4359.37,717.63,1,Terrible product,5077
1024,1831,Nike Jacket Edge,Fashion,47422,5,Chennai,2026-08-08 02:54:56.489442,Placed,True,34691.86,63650.68,1,Disappointed,237110
1025,1149,Canon Camera Edge,Electronics,48023,1,Hyderabad,2026-07-22 02:54:56.489452,Delivered,False,34988.43,13034.57,1,Bad experience,48023
1026,1814,Apple Router Neo,Electronics,38498,1,Chennai,2026-08-06 02:54:56.489463,Delivered,True,30681.41,7816.59,2,Very poor quality,38498
1027,1775,LG Jacket Ultra,Fashion,17834,1,Bangalore,2026-07-14 02:54:56.489473,Placed,False,13152.09,4681.91,4,Superb quality!,17834
1028,1608,Panasonic Jeans Edge,Fashion,19852,4,Delhi,2026-07-09 02:54:56.489482,Delivered,False,16077.51,15097.96,5,Excellent performance,79408
1029,1730,Acer TV Plus,Electronics,9676,2,Bangalore,2026-08-03 02:54:56.489491,Cancelled,False,8360.56,2630.88,5,Worth every penny,19352
1030,1150,Canon Jacket Edge,Fashion,47413,2,Kolkata,2026-07-19 02:54:56.489500,Delivered,False,38024.45,18777.1,2,Waste of money,94826
1031,1265,Acer Bag Plus,Fashion,25680,3,Bangalore,2026-08-04 02:54:56.489510,Cancelled,True,19901.21,17336.38,2,Not satisfied,77040
1032,1535,Adidas TV X,Electronics,33831,5,Bangalore,2026-07-19 02:54:56.489521,Cancelled,False,30167.81,18315.94,2,Not worth it,169155
1033,1350,Puma Router Pro,Electronics,32301,2,Mumbai,2026-07-29 02:54:56.489533,Delivered,False,28074.09,8453.81,1,Bad experience,64602
1034,1470,Acer Tablet Air,Electronics,14028,2,Kolkata,2026-08-06 02:54:56.489542,Placed,True,11152.25,5751.51,3,Nothing special,28056
1035,1974,Panasonic Router Ultra,Electronics,42353,1,Bangalore,2026-08-05 02:54:56.489552,Shipped,True,33851.62,8501.38,4,Loved it!,42353
1036,1262,Apple Speaker Mini,Electronics,4903,3,Hyderabad,2026-08-04 02:54:56.489562,Delivered,True,3775.36,3382.91,2,Very poor quality,14709
1037,1565,Puma T-shirt Edge,Fashion,12472,2,Bangalore,2026-08-07 02:54:56.489571,Cancelled,True,7633.74,9676.53,5,Excellent performance,24944
1038,1599,Nikon TV Mini,Electronics,49200,2,Hyderabad,2026-08-05 02:54:56.489580,Shipped,True,30418.37,37563.26,2,Very poor quality,98400
1039,1489,Panasonic Phone Mini,Electronics,31779,4,Delhi,2026-08-08 02:54:56.489590,Placed,True,22107.3,38686.8,1,Very poor quality,127116
1040,1595,Xiaomi Headphones Plus,Electronics,5964,4,Chennai,2026-08-04 02:54:56.489601,Cancelled,True,4648.87,5260.53,3,Average experience,23856
1041,1615,Adidas Tablet Ultra,Electronics,7808,4,Bangalore,2026-08-08 02:54:56.489610,Delivered,True,7009.02,3195.93,3,Just okay,31232
1042,1888,LG Jeans Core,Fashion,41861,2,Kolkata,2026-07-18 02:54:56.489620,Delivered,False,31574.08,20573.84,3,Decent quality,83722
1043,1006,Realme Watch Core,Electronics,22857,3,Bangalore,2026-07-14 02:54:56.489629,Delivered,False,14478.56,25135.32,2,Will not recommend,68571
1044,1096,Apple T-shirt Plus,Fashion,33893,4,Hyderabad,2026-07-29 02:54:56.489638,Cancelled,False,21002.4,51562.39,4,Excellent performance,135572
1045,1513,Xiaomi Headphones Plus,Electronics,22941,5,Bangalore,2026-08-05 02:54:56.489647,Placed,True,19014.78,19631.1,2,Disappointed,114705
1046,1160,Puma Router Plus,Electronics,35260,4,Mumbai,2026-08-06 02:54:56.489657,Cancelled,True,27196.13,32255.49,2,Not worth it,141040
1047,1669,Asus TV Mini,Electronics,26467,2,Kolkata,2026-08-08 02:54:56.489668,Cancelled,True,18466.14,16001.72,5,Top notch quality,52934
1048,1148,Asus Shoes Mini,Fashion,27822,3,Bangalore,2026-08-06 02:54:56.489677,Delivered,True,24491.68,9990.96,3,Could be better,83466
1049,1005,Dell Phone Elite,Electronics,48125,3,Hyderabad,2026-07-20 02:54:56.489686,Shipped,False,35015.24,39329.28,4,Very satisfied,144375
1050,1838,Dell Speaker Edge,Electronics,26981,1,Pune,2026-07-23 02:54:56.489695,Cancelled,False,24080.43,2900.57,3,Average experience,26981
1051,1333,Zara Tablet Air,Electronics,14171,3,Kolkata,2026-07-08 02:54:56.489705,Shipped,False,8603.27,16703.2,4,Very satisfied,42513
1052,1248,Panasonic Shoes Mini,Fashion,48932,2,Mumbai,2026-08-08 02:54:56.489714,Delivered,True,41930.86,14002.28,1,Bad experience,97864
1053,1255,Puma Laptop Plus,Electronics,47872,4,Bangalore,2026-07-04 02:54:56.489725,Placed,False,39942.88,31716.47,4,Top notch quality,191488
1054,1448,Asus Headphones Ultra,Electronics,38911,4,Bangalore,2026-08-04 02:54:56.489736,Placed,True,30813.18,32391.29,3,Could be better,155644
1055,1587,Zara Watch Neo,Electronics,31422,2,Mumbai,2026-08-06 02:54:56.489746,Delivered,True,26623.65,9596.71,2,Disappointed,62844
1056,1143,LG Speaker Mini,Electronics,6267,4,Hyderabad,2026-08-06 02:54:56.489755,Shipped,True,4806.8,5840.79,3,Average experience,25068
1057,1328,Canon Router Air,Electronics,4956,3,Chennai,2026-07-06 02:54:56.489765,Delivered,False,4084.65,2614.06,2,Waste of money,14868
1058,1122,Zara Laptop Ultra,Electronics,30699,3,Pune,2026-07-28 02:54:56.489774,Shipped,False,20771.17,29783.49,1,Waste of money,92097
1059,1016,JBL Jacket Air,Fashion,28505,4,Kolkata,2026-07-09 02:54:56.489783,Placed,False,24215.06,17159.74,1,Not worth it,114020
1060,1752,Panasonic Jeans Elite,Fashion,2602,5,Delhi,2026-07-09 02:54:56.489793,Delivered,False,1781.83,4100.83,3,Okay product,13010
1061,1624,Zara Shoes Pro,Fashion,6538,5,Pune,2026-08-08 02:54:56.489804,Cancelled,True,5489.16,5244.22,1,Will not recommend,32690
1062,1074,Apple Laptop Neo,Electronics,49777,1,Mumbai,2026-07-08 02:54:56.489813,Shipped,False,36820.77,12956.23,2,Not worth it,49777
1063,1300,JBL Shoes Plus,Fashion,38197,3,Delhi,2026-07-18 02:54:56.489823,Delivered,False,33109.89,15261.33,4,Best purchase ever,114591
1064,1598,Realme Headphones Max,Electronics,26055,1,Pune,2026-08-05 02:54:56.489834,Shipped,True,18971.82,7083.18,3,Works fine,26055
1065,1914,Nike Jacket Prime,Fashion,21905,5,Pune,2026-07-14 02:54:56.489843,Cancelled,False,18202.58,18512.1,5,Worth every penny,109525
1066,1546,JBL Shoes X,Fashion,38304,2,Kolkata,2026-08-05 02:54:56.489852,Cancelled,True,26527.22,23553.55,1,Not satisfied,76608
1067,1673,Adidas Router Max,Electronics,3085,2,Mumbai,2026-07-04 02:54:56.489861,Placed,False,2154.07,1861.87,3,Works fine,6170
1068,1027,Zara Tablet Air,Electronics,20352,2,Mumbai,2026-07-26 02:54:56.489872,Cancelled,False,17927.89,4848.23,2,Not worth it,40704
1069,1050,Acer Headphones Ultra,Electronics,29312,1,Chennai,2026-08-03 02:54:56.489881,Delivered,False,25215.94,4096.06,2,Terrible product,29312
1070,1166,OnePlus Laptop Neo,Electronics,26660,2,Hyderabad,2026-08-07 02:54:56.489890,Placed,True,16738.63,19842.74,2,Bad experience,53320
1071,1818,LG Jacket Ultra,Fashion,8387,4,Kolkata,2026-07-11 02:54:56.489900,Shipped,False,6076.7,9241.19,2,Bad experience,33548
1072,1984,Zara Jacket Core,Fashion,31824,3,Hyderabad,2026-08-07 02:54:56.489909,Placed,True,19163.67,37980.99,4,Very satisfied,95472
1073,1718,Puma Router Elite,Electronics,23744,3,Delhi,2026-07-08 02:54:56.489918,Placed,False,17338.93,19215.21,3,Works fine,71232
1074,1144,Sony Phone Ultra,Electronics,42677,4,Hyderabad,2026-08-03 02:54:56.489955,Shipped,False,34947.71,30917.14,3,Average experience,170708
1075,1062,Realme Watch Core,Electronics,12123,5,Kolkata,2026-08-05 02:54:56.489970,Cancelled,True,7783.77,21696.16,4,Amazing product!,60615
1076,1178,HP Shoes Mini,Fashion,14251,3,Kolkata,2026-07-15 02:54:56.489980,Delivered,False,12070.24,6542.27,4,Highly recommended!,42753
1077,1208,Canon Jacket Prime,Fashion,10420,2,Bangalore,2026-07-06 02:54:56.489991,Placed,False,8710.78,3418.45,1,Will not recommend,20840
1078,1029,Panasonic TV Neo,Electronics,41480,3,Chennai,2026-07-15 02:54:56.490000,Shipped,False,25242.38,48712.85,1,Not worth it,124440
1079,1161,Acer Phone Air,Electronics,48665,2,Delhi,2026-08-02 02:54:56.490009,Delivered,False,40331.15,16667.7,5,Highly recommended!,97330
1080,1425,HP Router Edge,Electronics,23350,2,Hyderabad,2026-08-07 02:54:56.490018,Placed,True,14797.44,17105.13,4,Top notch quality,46700
1081,1131,HP Headphones Ultra,Electronics,35674,4,Bangalore,2026-08-08 02:54:56.490028,Placed,True,24737.4,43746.42,4,Excellent performance,142696
1082,1128,Nikon Jeans Plus,Fashion,35888,3,Mumbai,2026-08-07 02:54:56.490039,Delivered,True,29593.81,18882.58,5,Superb quality!,107664
1083,1255,Lenovo T-shirt Prime,Fashion,9007,2,Mumbai,2026-08-04 02:54:56.490048,Placed,True,7342.33,3329.34,3,Okay product,18014
1084,1591,OnePlus Watch Plus,Electronics,12599,3,Bangalore,2026-07-12 02:54:56.490057,Delivered,False,10085.59,7540.24,5,Fantastic experience,37797
1085,1647,Acer TV Plus,Electronics,9131,3,Delhi,2026-07-23 02:54:56.490067,Cancelled,False,7065.66,6196.01,1,Terrible product,27393
1086,1406,Zara Headphones Core,Electronics,13469,2,Bangalore,2026-08-05 02:54:56.490076,Placed,True,11456.92,4024.17,2,Waste of money,26938
1087,1462,Samsung Bag Prime,Fashion,37992,4,Mumbai,2026-07-07 02:54:56.490085,Shipped,False,24935.08,52227.68,5,Very satisfied,151968
1088,1345,Acer Tablet Max,Electronics,41218,3,Mumbai,2026-07-31 02:54:56.490099,Shipped,False,32835.83,25146.51,5,Worth every penny,123654
1089,1064,Apple Bag X,Fashion,22846,4,Hyderabad,2026-07-13 02:54:56.490108,Placed,False,18286.03,18239.9,3,Decent quality,91384
1090,1563,Zara Bag Mini,Fashion,28452,1,Pune,2026-08-04 02:54:56.490118,Cancelled,True,25394.16,3057.84,1,Bad experience,28452
1091,1407,Realme TV Mini,Electronics,8777,3,Hyderabad,2026-07-20 02:54:56.490127,Delivered,False,6723.09,6161.73,1,Waste of money,26331
1092,1576,Dell Speaker Edge,Electronics,33982,2,Hyderabad,2026-08-05 02:54:56.490137,Placed,True,22414.63,23134.73,3,Not bad,67964
1093,1383,Xiaomi Speaker Elite,Electronics,34909,1,Mumbai,2026-07-17 02:54:56.490146,Cancelled,False,28210.26,6698.74,5,Highly recommended!,34909
1094,1982,Puma Router Elite,Electronics,45090,2,Chennai,2026-08-05 02:54:56.490156,Delivered,True,38664.16,12851.68,3,Average experience,90180
1095,1000,Realme TV Mini,Electronics,26044,5,Delhi,2026-07-06 02:54:56.490171,Delivered,False,19283.01,33804.95,2,Disappointed,130220
1096,1147,OnePlus Watch Plus,Electronics,46921,5,Chennai,2026-07-28 02:54:56.490182,Placed,False,28986.23,89673.85,4,Highly recommended!,234605
1097,1198,Nike TV Pro,Electronics,11002,2,Mumbai,2026-07-09 02:54:56.490192,Cancelled,False,8733.67,4536.67,4,Best purchase ever,22004
1098,1210,Puma Speaker Elite,Electronics,23464,1,Chennai,2026-08-06 02:54:56.490201,Cancelled,True,20361.86,3102.14,1,Waste of money,23464
1099,1790,JBL Tablet Mini,Electronics,44555,3,Pune,2026-08-03 02:54:56.490211,Placed,False,33691.87,32589.39,5,Loved it!,133665
1100,1157,OnePlus Headphones Elite,Electronics,31374,2,Delhi,2026-07-25 02:54:56.490220,Placed,False,23918.84,14910.32,5,Top notch quality,62748
1101,1641,Canon Jacket Core,Fashion,49930,3,Chennai,2026-07-04 02:54:56.490229,Placed,False,35672.51,42772.46,3,Okay product,149790
1102,1749,JBL T-shirt Edge,Fashion,38837,2,Kolkata,2026-07-10 02:54:56.490245,Shipped,False,25919.43,25835.15,1,Bad experience,77674
1103,1862,Sony Bag Mini,Fashion,39759,3,Pune,2026-08-07 02:54:56.490254,Delivered,True,28885.0,32621.99,1,Disappointed,119277
1104,1103,Xiaomi TV Neo,Electronics,18579,3,Pune,2026-07-21 02:54:56.490264,Shipped,False,16626.83,5856.51,1,Not satisfied,55737
1105,1574,Boat Phone Max,Electronics,32320,2,Kolkata,2026-07-27 02:54:56.490273,Delivered,False,25845.93,12948.13,1,Will not recommend,64640
1106,1120,Realme TV Core,Electronics,37568,4,Hyderabad,2026-08-02 02:54:56.490283,Placed,False,29194.2,33495.19,1,Bad experience,150272
1107,1662,Realme Speaker Core,Electronics,24138,5,Hyderabad,2026-07-08 02:54:56.490292,Delivered,False,19684.22,22268.91,1,Not worth it,120690
1108,1580,Adidas Phone Neo,Electronics,30695,5,Mumbai,2026-08-07 02:54:56.490302,Delivered,True,24578.12,30584.42,1,Very poor quality,153475
1109,1367,Xiaomi Jacket Plus,Fashion,41821,3,Hyderabad,2026-08-06 02:54:56.490311,Delivered,True,35153.42,20002.75,4,Excellent performance,125463
1110,1715,Dell Tablet X,Electronics,23047,3,Pune,2026-08-06 02:54:56.490320,Delivered,True,19246.85,11400.46,3,Nothing special,69141
1111,1877,Apple Router Neo,Electronics,11024,2,Delhi,2026-07-11 02:54:56.490329,Delivered,False,9105.78,3836.45,2,Will not recommend,22048
1112,1320,Dell Phone Elite,Electronics,23555,5,Kolkata,2026-08-06 02:54:56.490339,Shipped,True,14848.82,43530.88,1,Terrible product,117775
1113,1345,LG Shoes Plus,Fashion,42408,2,Hyderabad,2026-07-28 02:54:56.490348,Shipped,False,36334.87,12146.26,4,Worth every penny,84816
1114,1930,OnePlus Laptop Neo,Electronics,24188,2,Kolkata,2026-08-06 02:54:56.490357,Placed,True,15321.75,17732.5,5,Excellent performance,48376
1115,1095,OnePlus Camera Edge,Electronics,42594,5,Delhi,2026-07-10 02:54:56.490366,Cancelled,False,30641.76,59761.22,1,Very poor quality,212970
1116,1943,Dell Router Plus,Electronics,39688,4,Chennai,2026-07-30 02:54:56.490376,Shipped,False,30156.86,38124.56,4,Highly recommended!,158752
1117,1561,Adidas Jacket X,Fashion,48753,3,Mumbai,2026-08-06 02:54:56.490387,Cancelled,True,35724.29,39086.14,1,Very poor quality,146259
1118,1663,Realme Watch Prime,Electronics,18442,1,Hyderabad,2026-07-27 02:54:56.490397,Cancelled,False,12422.63,6019.37,2,Will not recommend,18442
1119,1424,Asus Jeans Prime,Fashion,10027,1,Kolkata,2026-07-27 02:54:56.490406,Placed,False,8595.74,1431.26,4,Top notch quality,10027
1120,1723,JBL TV Mini,Electronics,37730,2,Hyderabad,2026-07-29 02:54:56.490417,Delivered,False,29737.9,15984.2,4,Excellent performance,75460
1121,1981,Sony Watch Pro,Electronics,17772,4,Pune,2026-07-23 02:54:56.490427,Cancelled,False,12370.14,21607.45,3,Okay product,71088
1122,1737,Realme Shoes Ultra,Fashion,21580,2,Bangalore,2026-08-04 02:54:56.490437,Delivered,True,16413.92,10332.16,1,Very poor quality,43160
1123,1633,Asus Shoes Air,Fashion,46515,5,Chennai,2026-08-07 02:54:56.490446,Shipped,True,35922.5,52962.5,1,Will not recommend,232575
1124,1917,LG Shoes Plus,Fashion,39235,4,Bangalore,2026-08-05 02:54:56.490455,Placed,True,30131.99,36412.02,5,Amazing product!,156940
1125,1970,Asus Router Edge,Electronics,46788,2,Pune,2026-08-06 02:54:56.490465,Placed,True,41473.83,10628.34,3,Decent quality,93576
1126,1317,Nike Camera Edge,Electronics,47267,5,Kolkata,2026-07-21 02:54:56.490474,Cancelled,False,42344.71,24611.46,2,Will not recommend,236335
1127,1322,Panasonic Speaker Ultra,Electronics,44715,3,Hyderabad,2026-07-27 02:54:56.490486,Delivered,False,28763.81,47853.56,5,Best purchase ever,134145
1128,1542,Nike Camera X,Electronics,40450,1,Chennai,2026-07-16 02:54:56.490495,Placed,False,33670.02,6779.98,1,Bad experience,40450
1129,1746,Samsung Shoes Ultra,Fashion,11064,2,Delhi,2026-08-08 02:54:56.490507,Cancelled,True,9412.39,3303.23,1,Will not recommend,22128
1130,1141,Adidas Phone X,Electronics,6339,1,Hyderabad,2026-07-16 02:54:56.490516,Delivered,False,5334.1,1004.9,4,Top notch quality,6339
1131,1092,Panasonic Jeans Edge,Fashion,12492,1,Mumbai,2026-07-23 02:54:56.490526,Cancelled,False,10145.74,2346.26,3,Nothing special,12492
1132,1020,Nike Laptop Plus,Electronics,26807,2,Kolkata,2026-08-06 02:54:56.490535,Placed,True,18816.26,15981.47,1,Disappointed,53614
1133,1004,Lenovo Jacket Elite,Fashion,37011,1,Bangalore,2026-07-31 02:54:56.490544,Cancelled,False,22225.8,14785.2,5,Amazing product!,37011
1134,1186,H&M TV Plus,Electronics,20571,1,Kolkata,2026-07-07 02:54:56.490555,Placed,False,18240.58,2330.42,2,Will not recommend,20571
1135,1519,OnePlus Laptop Plus,Electronics,23126,1,Mumbai,2026-08-08 02:54:56.490565,Shipped,True,17857.79,5268.21,4,Highly recommended!,23126
1136,1110,Canon TV Ultra,Electronics,29670,1,Bangalore,2026-08-08 02:54:56.490574,Placed,True,24986.93,4683.07,3,Decent quality,29670
1137,1960,Dell Tablet X,Electronics,12323,5,Chennai,2026-08-04 02:54:56.490583,Delivered,True,8107.89,21075.54,2,Not worth it,61615
1138,1346,JBL Router Air,Electronics,43654,5,Mumbai,2026-07-09 02:54:56.490594,Delivered,False,38555.36,25493.21,5,Loved it!,218270
1139,1830,Zara Bag Mini,Fashion,9765,2,Hyderabad,2026-07-28 02:54:56.490603,Delivered,False,5980.84,7568.32,1,Will not recommend,19530
1140,1775,Boat Phone Elite,Electronics,43731,5,Kolkata,2026-08-08 02:54:56.490613,Placed,True,34943.42,43937.9,3,Just okay,218655
1141,1413,LG Jacket Edge,Fashion,13668,3,Chennai,2026-07-30 02:54:56.490624,Delivered,False,11331.55,7009.36,3,Just okay,41004
1142,1398,Puma Router Pro,Electronics,5899,4,Bangalore,2026-08-07 02:54:56.490633,Placed,True,4108.38,7162.46,4,Best purchase ever,23596
1143,1555,LG Shoes Plus,Fashion,19321,1,Mumbai,2026-08-05 02:54:56.490643,Placed,True,13372.76,5948.24,5,Best purchase ever,19321
1144,1843,HP Tablet Max,Electronics,21055,1,Hyderabad,2026-08-04 02:54:56.490652,Shipped,True,15064.23,5990.77,3,Average experience,21055
1145,1101,Apple Camera Neo,Electronics,28929,5,Chennai,2026-08-08 02:54:56.490661,Shipped,True,23268.75,28301.24,1,Very poor quality,144645
1146,1015,Dell Router Prime,Electronics,12670,2,Delhi,2026-08-01 02:54:56.490670,Cancelled,False,9484.54,6370.92,5,Best purchase ever,25340
1147,1399,H&M Speaker Air,Electronics,25501,2,Hyderabad,2026-08-06 02:54:56.490680,Placed,True,22219.5,6563.0,3,Not bad,51002
1148,1903,Zara Laptop Ultra,Electronics,24865,4,Chennai,2026-08-05 02:54:56.490691,Cancelled,True,19385.39,21918.45,5,Excellent performance,99460
1149,1386,Dell Camera X,Electronics,37890,3,Bangalore,2026-08-06 02:54:56.490700,Delivered,True,30580.43,21928.72,4,Very satisfied,113670
1150,1712,LG Laptop Elite,Electronics,12918,4,Hyderabad,2026-07-15 02:54:56.490710,Placed,False,10178.88,10956.47,4,Amazing product!,51672
1151,1187,Dell Jacket Plus,Fashion,8946,2,Kolkata,2026-08-04 02:54:56.490719,Placed,True,5794.12,6303.76,4,Loved it!,17892
1152,1111,HP Phone Plus,Electronics,11468,3,Hyderabad,2026-07-25 02:54:56.490728,Shipped,False,7860.3,10823.1,5,Excellent performance,34404
1153,1480,Xiaomi Laptop X,Electronics,26380,2,Chennai,2026-08-08 02:54:56.490737,Delivered,True,17417.04,17925.92,5,Amazing product!,52760
1154,1446,Sony Laptop Neo,Electronics,7801,2,Kolkata,2026-08-07 02:54:56.490746,Cancelled,True,4876.27,5849.46,1,Very poor quality,15602
1155,1786,Zara Laptop Air,Electronics,29211,2,Mumbai,2026-07-15 02:54:56.490757,Placed,False,23335.59,11750.82,5,Superb quality!,58422
1156,1358,Adidas Watch Plus,Electronics,21335,1,Chennai,2026-08-05 02:54:56.490767,Shipped,True,18302.15,3032.85,3,Not bad,21335
1157,1230,Zara Phone Prime,Electronics,42714,1,Mumbai,2026-07-22 02:54:56.490776,Cancelled,False,37761.16,4952.84,5,Loved it!,42714
1158,1570,Zara Router Max,Electronics,13236,3,Mumbai,2026-08-03 02:54:56.490785,Delivered,False,8217.11,15056.68,2,Disappointed,39708
1159,1633,Puma T-shirt Mini,Fashion,36356,3,Pune,2026-08-04 02:54:56.490794,Placed,True,26284.56,30214.32,5,Amazing product!,109068
1160,1390,Apple Jeans Neo,Fashion,47953,3,Delhi,2026-08-02 02:54:56.490805,Cancelled,False,41740.97,18636.09,2,Not satisfied,143859
1161,1664,Puma TV Pro,Electronics,4328,4,Hyderabad,2026-08-05 02:54:56.490814,Placed,True,3328.63,3997.49,1,Not satisfied,17312
1162,1627,Nike Camera Ultra,Electronics,31723,5,Bangalore,2026-07-25 02:54:56.490825,Delivered,False,23313.28,42048.62,2,Will not recommend,158615
1163,1147,LG Laptop Neo,Electronics,42226,4,Bangalore,2026-07-05 02:54:56.490835,Cancelled,False,31089.61,44545.57,3,Works fine,168904
1164,1824,JBL Router Max,Electronics,48405,2,Bangalore,2026-07-26 02:54:56.490844,Cancelled,False,34388.05,28033.91,1,Terrible product,96810
1165,1213,Puma T-shirt Mini,Fashion,3288,4,Chennai,2026-07-12 02:54:56.490853,Cancelled,False,2946.86,1364.56,2,Not worth it,13152
1166,1681,Nikon Bag Max,Fashion,27876,4,Chennai,2026-07-20 02:54:56.490862,Delivered,False,20601.9,29096.39,3,Could be better,111504
1167,1970,Realme Shoes Ultra,Fashion,47902,5,Hyderabad,2026-08-05 02:54:56.490871,Cancelled,True,38981.54,44602.28,5,Superb quality!,239510
1168,1659,Samsung Shoes Ultra,Fashion,43709,5,Bangalore,2026-07-06 02:54:56.490880,Delivered,False,33413.85,51475.73,4,Worth every penny,218545
1169,1052,Canon Camera Pro,Electronics,26244,2,Mumbai,2026-07-31 02:54:56.490891,Delivered,False,18110.88,16266.24,5,Very satisfied,52488
1170,1710,OnePlus Laptop Plus,Electronics,22630,5,Mumbai,2026-08-07 02:54:56.490900,Delivered,True,14802.16,39139.2,4,Amazing product!,113150
1171,1154,HP Tablet Core,Electronics,37684,2,Chennai,2026-07-11 02:54:56.490909,Cancelled,False,29859.73,15648.55,5,Superb quality!,75368
1172,1752,Nike T-shirt Mini,Fashion,31208,2,Pune,2026-08-07 02:54:56.490947,Shipped,True,24439.22,13537.57,5,Fantastic experience,62416
1173,1873,Nikon Bag Air,Fashion,2813,1,Delhi,2026-08-04 02:54:56.490959,Placed,True,1695.12,1117.88,1,Not worth it,2813
1174,1597,HP Headphones Plus,Electronics,23876,2,Hyderabad,2026-08-05 02:54:56.490970,Shipped,True,20347.21,7057.58,3,Could be better,47752
1175,1922,Canon Bag Pro,Fashion,31635,3,Mumbai,2026-08-06 02:54:56.490979,Shipped,True,19944.28,35072.16,5,Highly recommended!,94905
1176,1999,Realme Headphones Edge,Electronics,27709,1,Delhi,2026-07-29 02:54:56.490992,Delivered,False,22443.15,5265.85,3,Works fine,27709
1177,1488,Panasonic Watch Plus,Electronics,10110,4,Mumbai,2026-08-04 02:54:56.491002,Cancelled,True,8735.74,5497.03,4,Very satisfied,40440
1178,1915,Asus TV Mini,Electronics,1807,5,Delhi,2026-07-05 02:54:56.491011,Delivered,False,1401.27,2028.65,2,Will not recommend,9035
1179,1181,Apple T-shirt X,Fashion,32728,5,Mumbai,2026-07-06 02:54:56.491022,Shipped,False,29335.57,16962.17,3,Okay product,163640
1180,1728,Realme Headphones Max,Electronics,20167,4,Hyderabad,2026-08-04 02:54:56.491032,Cancelled,True,17917.83,8996.7,3,Decent quality,80668
1181,1196,Adidas Jeans Edge,Fashion,5944,3,Kolkata,2026-08-03 02:54:56.491044,Delivered,False,5334.8,1827.59,3,Decent quality,17832
1182,1269,Xiaomi Watch Neo,Electronics,34607,1,Chennai,2026-07-24 02:54:56.491054,Cancelled,False,21304.18,13302.82,2,Disappointed,34607
1183,1133,Puma T-shirt Ultra,Fashion,22619,1,Hyderabad,2026-07-11 02:54:56.491065,Delivered,False,18045.96,4573.04,3,Average experience,22619
1184,1397,LG Phone Max,Electronics,41405,1,Delhi,2026-08-06 02:54:56.491075,Delivered,True,27322.86,14082.14,4,Very satisfied,41405
1185,1724,Nike T-shirt Core,Fashion,44533,3,Bangalore,2026-07-24 02:54:56.491084,Shipped,False,37449.75,21249.75,4,Very satisfied,133599
1186,1824,Nike Router Edge,Electronics,23191,3,Pune,2026-08-07 02:54:56.491095,Shipped,True,15769.92,22263.24,4,Loved it!,69573
1187,1076,Panasonic Router Ultra,Electronics,21380,5,Mumbai,2026-08-04 02:54:56.491105,Cancelled,True,17999.14,16904.31,1,Very poor quality,106900
1188,1891,HP Jacket Prime,Fashion,4757,2,Kolkata,2026-08-04 02:54:56.491114,Placed,True,2867.96,3778.07,1,Not worth it,9514
1189,1057,Nike Bag Core,Fashion,10739,5,Pune,2026-07-14 02:54:56.491126,Shipped,False,8976.08,8814.6,1,Bad experience,53695
1190,1051,H&M Jeans Max,Fashion,13575,1,Pune,2026-08-04 02:54:56.491135,Placed,True,8160.64,5414.36,2,Very poor quality,13575
1191,1723,Zara Camera Max,Electronics,25855,3,Mumbai,2026-08-07 02:54:56.491145,Cancelled,True,21006.45,14545.66,4,Best purchase ever,77565
1192,1997,HP Laptop Max,Electronics,19378,5,Mumbai,2026-08-07 02:54:56.491156,Cancelled,True,14577.59,24002.04,1,Waste of money,96890
1193,1166,Apple Router Neo,Electronics,9930,5,Chennai,2026-08-04 02:54:56.491165,Placed,True,6518.64,17056.78,3,Works fine,49650
1194,1753,HP Camera X,Electronics,39317,3,Mumbai,2026-07-18 02:54:56.491175,Shipped,False,26164.58,39457.27,3,Could be better,117951
1195,1352,Xiaomi Speaker Elite,Electronics,957,3,Pune,2026-07-10 02:54:56.491185,Cancelled,False,592.76,1092.71,1,Will not recommend,2871
1196,1602,Canon Tablet Prime,Electronics,41122,4,Hyderabad,2026-08-07 02:54:56.491196,Placed,True,36728.13,17575.49,1,Not worth it,164488
1197,1366,Zara Jacket Pro,Fashion,24189,5,Pune,2026-08-08 02:54:56.491205,Shipped,True,19790.1,21994.49,3,Nothing special,120945
1198,1601,Samsung Speaker Pro,Electronics,31986,3,Mumbai,2026-07-25 02:54:56.491214,Delivered,False,22199.64,29359.08,2,Very poor quality,95958
1199,1889,Lenovo TV Mini,Electronics,45776,3,Chennai,2026-07-20 02:54:56.491223,Delivered,False,31920.08,41567.77,4,Top notch quality,137328
1200,1891,H&M T-shirt Neo,Fashion,10506,2,Pune,2026-07-21 02:54:56.491233,Placed,False,9056.26,2899.48,3,Just okay,21012
1201,1097,Panasonic Laptop Air,Electronics,26676,3,Delhi,2026-08-07 02:54:56.491242,Cancelled,True,17214.33,28385.0,2,Very poor quality,80028
1202,1310,Lenovo Phone Elite,Electronics,31451,2,Hyderabad,2026-07-24 02:54:56.491253,Cancelled,False,19075.16,24751.67,4,Highly recommended!,62902
1203,1445,Zara Camera Core,Electronics,36500,3,Hyderabad,2026-08-05 02:54:56.491264,Delivered,True,28544.73,23865.8,4,Very satisfied,109500
1204,1622,Boat Watch Plus,Electronics,32438,1,Bangalore,2026-07-04 02:54:56.491274,Placed,False,20113.89,12324.11,3,Nothing special,32438
1205,1646,JBL Tablet Mini,Electronics,15910,5,Mumbai,2026-07-09 02:54:56.491283,Cancelled,False,11533.22,21883.92,1,Disappointed,79550
1206,1349,Panasonic Camera Max,Electronics,41817,3,Pune,2026-07-15 02:54:56.491292,Placed,False,32606.17,27632.5,5,Excellent performance,125451
1207,1427,HP Jacket Prime,Fashion,45622,2,Mumbai,2026-07-16 02:54:56.491301,Delivered,False,28237.17,34769.67,4,Worth every penny,91244
1208,1591,LG Jacket Ultra,Fashion,21877,2,Hyderabad,2026-07-14 02:54:56.491310,Delivered,False,18290.09,7173.83,5,Worth every penny,43754
1209,1832,Adidas Phone X,Electronics,46265,2,Hyderabad,2026-08-06 02:54:56.491319,Cancelled,True,37587.14,17355.72,5,Superb quality!,92530
1210,1768,Realme Watch Core,Electronics,32520,5,Mumbai,2026-07-06 02:54:56.491334,Placed,False,22570.12,49749.42,1,Terrible product,162600
1211,1810,Realme Headphones Max,Electronics,21579,1,Hyderabad,2026-07-20 02:54:56.491343,Shipped,False,13380.66,8198.34,4,Superb quality!,21579
1212,1335,JBL Bag Elite,Fashion,47155,2,Bangalore,2026-07-07 02:54:56.491352,Placed,False,34994.86,24320.28,2,Not satisfied,94310
1213,1843,Adidas Bag Elite,Fashion,41175,4,Hyderabad,2026-08-06 02:54:56.491362,Shipped,True,30692.23,41931.09,3,Works fine,164700
1214,1254,Samsung Headphones Prime,Electronics,12833,5,Hyderabad,2026-08-06 02:54:56.491371,Placed,True,10531.38,11508.09,2,Disappointed,64165
1215,1667,Asus Jacket Plus,Fashion,28221,1,Pune,2026-07-26 02:54:56.491380,Cancelled,False,18152.25,10068.75,1,Not satisfied,28221
1216,1160,HP Tablet Air,Electronics,28118,1,Kolkata,2026-07-20 02:54:56.491389,Cancelled,False,20638.77,7479.23,4,Fantastic experience,28118
1217,1291,Boat Camera Core,Electronics,21084,1,Mumbai,2026-07-20 02:54:56.491400,Shipped,False,13901.4,7182.6,5,Top notch quality,21084
1218,1377,Sony Camera X,Electronics,8923,3,Mumbai,2026-08-04 02:54:56.491409,Placed,True,7676.65,3739.06,5,Top notch quality,26769
1219,1659,Apple Speaker Pro,Electronics,47718,4,Bangalore,2026-08-07 02:54:56.491418,Shipped,True,34293.08,53699.68,3,Average experience,190872
1220,1065,Nike Bag Plus,Fashion,37568,5,Delhi,2026-08-08 02:54:56.491428,Placed,True,30686.78,34406.09,2,Will not recommend,187840
1221,1083,H&M Jeans Max,Fashion,10433,1,Chennai,2026-08-05 02:54:56.491437,Placed,True,8621.81,1811.19,3,Could be better,10433
1222,1561,Panasonic Jeans Edge,Fashion,49707,1,Hyderabad,2026-07-22 02:54:56.491446,Placed,False,37648.27,12058.73,4,Highly recommended!,49707
1223,1053,LG Watch Mini,Electronics,14082,4,Pune,2026-08-04 02:54:56.491460,Shipped,True,9409.86,18688.57,1,Not satisfied,56328
1224,1977,LG Laptop Elite,Electronics,46197,2,Hyderabad,2026-08-02 02:54:56.491472,Placed,False,30753.36,30887.29,2,Waste of money,92394
1225,1024,Boat Speaker Core,Electronics,33306,3,Pune,2026-07-22 02:54:56.491481,Delivered,False,20176.0,39390.0,3,Nothing special,99918
1226,1596,Xiaomi Phone Max,Electronics,46186,4,Chennai,2026-08-04 02:54:56.491490,Cancelled,True,35881.93,41216.28,2,Very poor quality,184744
1227,1937,Nike Camera X,Electronics,23397,1,Pune,2026-07-18 02:54:56.491499,Cancelled,False,16826.06,6570.94,2,Not satisfied,23397
1228,1772,Sony Router Core,Electronics,41315,3,Kolkata,2026-07-17 02:54:56.491509,Shipped,False,31121.1,30581.71,2,Very poor quality,123945
1229,1029,Nikon Phone Pro,Electronics,22420,2,Chennai,2026-07-06 02:54:56.491518,Shipped,False,16092.85,12654.31,3,Nothing special,44840
1230,1760,Nikon Tablet Prime,Electronics,43190,5,Hyderabad,2026-07-28 02:54:56.491527,Cancelled,False,27374.17,79079.15,4,Loved it!,215950
1231,1474,Lenovo Headphones Pro,Electronics,13616,5,Delhi,2026-07-08 02:54:56.491538,Cancelled,False,11791.4,9123.02,3,Could be better,68080
1232,1881,JBL Shoes Plus,Fashion,41533,2,Bangalore,2026-07-28 02:54:56.491548,Placed,False,28781.14,25503.71,2,Waste of money,83066
1233,1491,Lenovo Headphones Pro,Electronics,33241,4,Kolkata,2026-07-20 02:54:56.491557,Delivered,False,25946.06,29179.76,2,Will not recommend,132964
1234,1877,Nikon Laptop Air,Electronics,19200,2,Delhi,2026-08-08 02:54:56.491566,Placed,True,16614.22,5171.57,1,Not satisfied,38400
1235,1054,H&M Phone Ultra,Electronics,18472,1,Bangalore,2026-07-20 02:54:56.491576,Delivered,False,15121.63,3350.37,2,Bad experience,18472
1236,1304,Asus Jeans Prime,Fashion,42821,2,Hyderabad,2026-07-11 02:54:56.491585,Shipped,False,26670.2,32301.61,4,Amazing product!,85642
1237,1941,Acer Phone Air,Electronics,8369,3,Pune,2026-08-06 02:54:56.491594,Delivered,True,7356.67,3037.0,2,Bad experience,25107
1238,1890,Sony Router Core,Electronics,45184,1,Kolkata,2026-07-29 02:54:56.491608,Placed,False,28636.54,16547.46,2,Will not recommend,45184
1239,1066,Nike T-shirt Core,Fashion,37032,3,Chennai,2026-08-03 02:54:56.491618,Delivered,False,22922.26,42329.23,2,Very poor quality,111096
1240,1996,Samsung Watch Ultra,Electronics,25234,1,Delhi,2026-08-07 02:54:56.491627,Delivered,True,21427.08,3806.92,4,Highly recommended!,25234
1241,1024,HP Watch Prime,Electronics,3385,1,Pune,2026-07-12 02:54:56.491636,Shipped,False,2761.01,623.99,2,Disappointed,3385
1242,1572,Xiaomi Tablet Neo,Electronics,12825,2,Pune,2026-07-09 02:54:56.491646,Placed,False,11526.48,2597.03,1,Terrible product,25650
1243,1557,OnePlus Watch Edge,Electronics,15672,1,Mumbai,2026-07-23 02:54:56.491655,Placed,False,12214.99,3457.01,4,Top notch quality,15672
1244,1381,HP Jacket Prime,Fashion,43662,3,Chennai,2026-08-06 02:54:56.491665,Shipped,True,31528.35,36400.94,5,Very satisfied,130986
1245,1616,Panasonic Speaker Air,Electronics,19665,2,Bangalore,2026-07-13 02:54:56.491678,Delivered,False,13924.76,11480.48,4,Loved it!,39330
1246,1911,OnePlus Headphones Mini,Electronics,9520,3,Delhi,2026-07-14 02:54:56.491691,Delivered,False,6999.4,7561.81,5,Highly recommended!,28560
1247,2000,Panasonic Jeans Edge,Fashion,33684,2,Hyderabad,2026-07-17 02:54:56.491701,Cancelled,False,28810.91,9746.17,5,Highly recommended!,67368
1248,1532,Realme Bag Elite,Fashion,13988,4,Delhi,2026-08-07 02:54:56.491710,Placed,True,12549.35,5754.6,5,Amazing product!,55952
1249,1561,HP Tablet Plus,Electronics,764,3,Chennai,2026-08-05 02:54:56.491720,Shipped,True,570.52,580.44,3,Could be better,2292
1250,1655,H&M Laptop X,Electronics,43550,4,Pune,2026-08-08 02:54:56.491729,Shipped,True,35926.48,30494.08,1,Very poor quality,174200
1251,1247,Acer Tablet Max,Electronics,10704,2,Hyderabad,2026-08-08 02:54:56.491739,Placed,True,8012.6,5382.81,1,Disappointed,21408
1252,1212,Realme Shoes Prime,Fashion,20348,2,Mumbai,2026-08-05 02:54:56.491748,Placed,True,12307.81,16080.37,3,Okay product,40696
1253,1677,Lenovo Jacket Ultra,Fashion,45096,1,Chennai,2026-08-06 02:54:56.491757,Delivered,True,39923.66,5172.34,4,Worth every penny,45096
1254,1634,Samsung Bag Prime,Fashion,46232,5,Kolkata,2026-07-24 02:54:56.491767,Delivered,False,32939.13,66464.33,3,Just okay,231160
1255,1261,H&M Shoes X,Fashion,31855,5,Pune,2026-08-07 02:54:56.491776,Placed,True,23891.2,39819.0,3,Average experience,159275
1256,1389,Boat Headphones Edge,Electronics,25649,5,Delhi,2026-08-07 02:54:56.491790,Shipped,True,22692.61,14781.94,4,Amazing product!,128245
1257,1388,Dell Tablet Prime,Electronics,32445,1,Pune,2026-07-26 02:54:56.491804,Placed,False,20274.54,12170.46,1,Will not recommend,32445
1258,1628,H&M Jacket Elite,Fashion,16318,5,Chennai,2026-08-02 02:54:56.491814,Shipped,False,11307.46,25052.69,4,Superb quality!,81590
1259,1281,Zara Watch X,Electronics,1174,2,Pune,2026-08-08 02:54:56.491823,Delivered,True,728.74,890.53,2,Will not recommend,2348
1260,1923,Zara Shoes Pro,Fashion,25939,5,Chennai,2026-08-06 02:54:56.491832,Placed,True,20996.71,24711.44,4,Highly recommended!,129695
1261,1203,Puma Jacket Prime,Fashion,11165,1,Chennai,2026-07-15 02:54:56.491841,Shipped,False,8128.34,3036.66,2,Bad experience,11165
1262,1187,Zara Watch Air,Electronics,16821,1,Mumbai,2026-07-10 02:54:56.491850,Cancelled,False,13990.68,2830.32,1,Disappointed,16821
1263,1168,Zara Speaker Max,Electronics,45263,5,Mumbai,2026-07-27 02:54:56.491862,Delivered,False,38135.23,35638.83,1,Bad experience,226315
1264,1725,Nike Router Edge,Electronics,49019,5,Kolkata,2026-08-07 02:54:56.491871,Delivered,True,34803.62,71076.89,4,Amazing product!,245095
1265,1718,HP Headphones Ultra,Electronics,45969,3,Chennai,2026-08-07 02:54:56.491880,Delivered,True,28043.9,53775.31,4,Fantastic experience,137907
1266,1928,Canon T-shirt Ultra,Fashion,4771,1,Mumbai,2026-07-06 02:54:56.491891,Shipped,False,3541.93,1229.07,5,Superb quality!,4771
1267,1382,Xiaomi Laptop X,Electronics,2080,2,Kolkata,2026-08-08 02:54:56.491901,Cancelled,True,1662.74,834.53,4,Fantastic experience,4160
1268,1207,Apple Router Neo,Electronics,31818,1,Mumbai,2026-08-08 02:54:56.491910,Delivered,True,20196.63,11621.37,1,Very poor quality,31818
1269,1537,Sony Bag Edge,Fashion,9230,4,Pune,2026-08-06 02:54:56.491951,Placed,True,6950.73,9117.07,1,Bad experience,36920
1270,1820,Panasonic Jeans Ultra,Fashion,38876,5,Mumbai,2026-08-06 02:54:56.491963,Cancelled,True,27052.21,59118.97,2,Will not recommend,194380
1271,1648,Xiaomi Laptop Prime,Electronics,44018,4,Pune,2026-07-19 02:54:56.491973,Cancelled,False,27718.76,65196.98,4,Fantastic experience,176072
1272,1525,Nike Camera Neo,Electronics,5147,2,Delhi,2026-08-08 02:54:56.491983,Cancelled,True,4417.96,1458.09,1,Will not recommend,10294
1273,1061,Zara Shoes Pro,Fashion,11295,2,Hyderabad,2026-07-08 02:54:56.491993,Shipped,False,9954.09,2681.83,3,Just okay,22590
1274,1460,Puma T-shirt Ultra,Fashion,3312,3,Kolkata,2026-08-03 02:54:56.492003,Cancelled,False,2654.56,1972.33,3,Just okay,9936
1275,1613,Realme TV Core,Electronics,15227,2,Kolkata,2026-07-15 02:54:56.492012,Delivered,False,12087.38,6279.24,2,Very poor quality,30454
1276,1721,Boat Laptop Max,Electronics,33080,1,Hyderabad,2026-07-15 02:54:56.492025,Placed,False,23989.45,9090.55,5,Loved it!,33080
1277,1856,HP TV Prime,Electronics,42534,1,Kolkata,2026-07-26 02:54:56.492034,Delivered,False,29103.89,13430.11,3,Decent quality,42534
1278,1945,Canon Jacket Max,Fashion,21936,3,Pune,2026-07-18 02:54:56.492043,Delivered,False,15702.41,18700.78,5,Fantastic experience,65808
1279,1545,Canon Jacket Max,Fashion,39778,5,Kolkata,2026-08-07 02:54:56.492053,Shipped,True,24952.59,74127.04,4,Worth every penny,198890
1280,1320,HP T-shirt Elite,Fashion,41877,1,Bangalore,2026-07-14 02:54:56.492062,Shipped,False,36862.16,5014.84,3,Works fine,41877
1281,1285,Adidas Watch Core,Electronics,16190,5,Bangalore,2026-08-06 02:54:56.492071,Shipped,True,10645.8,27721.01,3,Just okay,80950
1282,1209,OnePlus Headphones Elite,Electronics,28277,2,Hyderabad,2026-08-06 02:54:56.492081,Cancelled,True,22794.97,10964.07,3,Could be better,56554
1283,1187,LG Watch Pro,Electronics,38625,5,Pune,2026-08-04 02:54:56.492092,Shipped,True,30574.72,40251.38,2,Not worth it,193125
1284,1550,LG Tablet Max,Electronics,33068,3,Bangalore,2026-08-07 02:54:56.492102,Delivered,True,26954.14,18341.59,5,Top notch quality,99204
1285,1003,HP TV Prime,Electronics,17193,5,Delhi,2026-08-06 02:54:56.492110,Placed,True,15300.98,9460.09,5,Very satisfied,85965
1286,1272,Xiaomi Laptop Prime,Electronics,17199,4,Delhi,2026-07-05 02:54:56.492120,Shipped,False,12956.62,16969.53,4,Superb quality!,68796
1287,1185,JBL T-shirt Edge,Fashion,41663,4,Delhi,2026-08-07 02:54:56.492131,Delivered,True,29833.43,47318.27,1,Waste of money,166652
1288,1802,Xiaomi Headphones Ultra,Electronics,4071,1,Delhi,2026-08-06 02:54:56.492141,Placed,True,3112.47,958.53,3,Not bad,4071
1289,1291,Puma Router Mini,Electronics,49194,4,Chennai,2026-08-04 02:54:56.492150,Placed,True,29661.86,78128.57,3,Decent quality,196776
1290,1566,LG Speaker Pro,Electronics,15605,2,Kolkata,2026-07-05 02:54:56.492161,Shipped,False,13299.06,4611.89,2,Not satisfied,31210
1291,1828,Nike T-shirt Mini,Fashion,14909,2,Chennai,2026-07-28 02:54:56.492170,Placed,False,13214.47,3389.05,1,Disappointed,29818
1292,1939,Panasonic Headphones Plus,Electronics,6770,2,Mumbai,2026-07-27 02:54:56.492180,Cancelled,False,4995.26,3549.48,2,Waste of money,13540
1293,1456,Xiaomi Watch Neo,Electronics,7537,1,Mumbai,2026-08-06 02:54:56.492189,Delivered,True,5832.82,1704.18,5,Very satisfied,7537
1294,1768,Lenovo Phone Ultra,Electronics,7077,1,Chennai,2026-07-12 02:54:56.492198,Delivered,False,5185.73,1891.27,4,Best purchase ever,7077
1295,1329,Nike Laptop X,Electronics,35972,3,Delhi,2026-08-07 02:54:56.492207,Delivered,True,30104.12,17603.65,5,Worth every penny,107916
1296,1720,H&M TV Edge,Electronics,33763,5,Delhi,2026-07-08 02:54:56.492216,Delivered,False,26401.52,36807.38,3,Not bad,168815
1297,1280,Samsung Bag X,Fashion,46305,4,Mumbai,2026-08-07 02:54:56.492227,Cancelled,True,30810.35,61978.59,3,Just okay,185220
1298,1660,Xiaomi Router Plus,Electronics,19549,2,Pune,2026-07-15 02:54:56.492236,Delivered,False,17363.35,4371.29,5,Superb quality!,39098
1299,1446,Nikon Camera Mini,Electronics,30138,1,Pune,2026-07-16 02:54:56.492245,Shipped,False,21333.37,8804.63,1,Will not recommend,30138
1300,1490,Canon Bag Pro,Fashion,28296,1,Mumbai,2026-07-26 02:54:56.492254,Shipped,False,18917.77,9378.23,3,Decent quality,28296
1301,1724,Apple Jeans Neo,Fashion,14861,5,Mumbai,2026-08-04 02:54:56.492263,Delivered,True,10541.97,21595.15,2,Bad experience,74305
1302,1152,Puma Shoes Pro,Fashion,40834,5,Bangalore,2026-08-06 02:54:56.492272,Placed,True,30934.86,49495.68,3,Nothing special,204170
1303,1237,JBL Tablet Mini,Electronics,29066,3,Hyderabad,2026-08-05 02:54:56.492282,Delivered,True,20156.68,26727.97,5,Loved it!,87198
1304,1017,Puma Shoes Pro,Fashion,41194,1,Hyderabad,2026-08-06 02:54:56.492293,Delivered,True,36358.02,4835.98,2,Very poor quality,41194
1305,1797,Dell Tablet Prime,Electronics,13304,5,Chennai,2026-08-04 02:54:56.492302,Placed,True,9056.21,21238.96,2,Bad experience,66520
1306,1875,Xiaomi Speaker Air,Electronics,24678,2,Mumbai,2026-08-08 02:54:56.492312,Cancelled,True,16625.42,16105.16,1,Not worth it,49356
1307,1480,Asus TV Mini,Electronics,18347,5,Mumbai,2026-08-08 02:54:56.492321,Placed,True,13175.75,25856.27,2,Not satisfied,91735
1308,1727,Dell Watch Plus,Electronics,9169,2,Delhi,2026-07-16 02:54:56.492332,Shipped,False,6773.34,4791.32,4,Highly recommended!,18338
1309,1541,Xiaomi Phone Max,Electronics,16767,2,Hyderabad,2026-08-04 02:54:56.492341,Delivered,True,10743.81,12046.38,3,Nothing special,33534
1310,1805,OnePlus Watch Edge,Electronics,44902,4,Kolkata,2026-07-06 02:54:56.492350,Delivered,False,39901.33,20002.68,5,Worth every penny,179608
1311,1824,HP Watch Prime,Electronics,47578,4,Delhi,2026-07-18 02:54:56.492361,Delivered,False,30928.97,66596.13,4,Highly recommended!,190312
1312,1384,Lenovo Headphones Pro,Electronics,5311,5,Bangalore,2026-07-08 02:54:56.492370,Shipped,False,3370.68,9701.58,4,Very satisfied,26555
1313,1885,HP Jacket Prime,Fashion,2064,3,Kolkata,2026-07-28 02:54:56.492379,Placed,False,1371.88,2076.36,2,Will not recommend,6192
1314,1258,Xiaomi Router Edge,Electronics,49601,2,Chennai,2026-07-22 02:54:56.492389,Cancelled,False,31878.29,35445.41,2,Will not recommend,99202
1315,1251,Lenovo Watch Prime,Electronics,31062,4,Mumbai,2026-07-06 02:54:56.492398,Cancelled,False,22954.5,32430.0,4,Amazing product!,124248
1316,1079,HP Headphones Ultra,Electronics,42444,1,Kolkata,2026-07-23 02:54:56.492408,Placed,False,29930.09,12513.91,4,Very satisfied,42444
1317,1317,Puma Jacket Prime,Fashion,23750,5,Kolkata,2026-08-02 02:54:56.492417,Delivered,False,14732.76,45086.2,3,Works fine,118750
1318,1645,Boat Speaker Neo,Electronics,1224,1,Kolkata,2026-08-08 02:54:56.492428,Shipped,True,756.39,467.61,5,Superb quality!,1224
1319,1376,Apple Bag Max,Fashion,2082,4,Delhi,2026-07-24 02:54:56.492439,Delivered,False,1465.89,2464.44,3,Decent quality,8328
1320,1682,HP Shoes Mini,Fashion,34381,5,Hyderabad,2026-08-07 02:54:56.492449,Delivered,True,25098.9,46410.49,5,Amazing product!,171905
1321,1147,Boat Headphones Plus,Electronics,48253,5,Mumbai,2026-08-05 02:54:56.492458,Delivered,True,33731.05,72609.76,4,Excellent performance,241265
1322,1012,HP Tablet Air,Electronics,13366,1,Mumbai,2026-07-26 02:54:56.492467,Delivered,False,8902.71,4463.29,1,Disappointed,13366
1323,1938,Sony Router Elite,Electronics,27918,5,Mumbai,2026-08-07 02:54:56.492477,Cancelled,True,20326.35,37958.23,5,Excellent performance,139590
1324,1937,Zara Shoes Edge,Fashion,4840,2,Mumbai,2026-08-06 02:54:56.492486,Delivered,True,4046.74,1586.52,2,Will not recommend,9680
1325,1871,Puma Router Mini,Electronics,44580,4,Chennai,2026-08-04 02:54:56.492497,Delivered,True,37603.54,27905.84,3,Could be better,178320
1326,1698,Zara Camera Core,Electronics,17413,5,Bangalore,2026-07-14 02:54:56.492507,Shipped,False,13199.28,21068.62,5,Fantastic experience,87065
1327,1510,Boat Phone Max,Electronics,39418,2,Pune,2026-08-04 02:54:56.492516,Delivered,True,29367.15,20101.7,3,Decent quality,78836
1328,1864,Realme Shoes Prime,Fashion,3861,5,Hyderabad,2026-07-09 02:54:56.492525,Shipped,False,2439.96,7105.22,2,Very poor quality,19305
1329,1580,H&M Speaker Plus,Electronics,16801,4,Bangalore,2026-08-04 02:54:56.492535,Shipped,True,12160.45,18562.18,4,Very satisfied,67204
1330,1948,Sony Bag Edge,Fashion,5816,2,Delhi,2026-08-08 02:54:56.492546,Delivered,True,5144.53,1342.94,1,Not worth it,11632
1331,1121,Panasonic Jeans Elite,Fashion,27102,4,Bangalore,2026-08-07 02:54:56.492555,Delivered,True,24215.84,11544.63,3,Could be better,108408
1332,1249,Lenovo Shoes Max,Fashion,32384,4,Kolkata,2026-07-16 02:54:56.492566,Cancelled,False,23368.14,36063.43,2,Disappointed,129536
1333,1084,LG Headphones Prime,Electronics,11306,3,Delhi,2026-08-08 02:54:56.492575,Shipped,True,8796.45,7528.65,1,Bad experience,33918
1334,1052,Adidas Router Air,Electronics,48828,1,Delhi,2026-08-08 02:54:56.492584,Delivered,True,36513.31,12314.69,1,Waste of money,48828
1335,1041,Acer Speaker Ultra,Electronics,12137,1,Mumbai,2026-08-06 02:54:56.492594,Shipped,True,9753.56,2383.44,3,Okay product,12137
1336,1841,Apple T-shirt Plus,Fashion,20800,3,Mumbai,2026-08-04 02:54:56.492603,Placed,True,18646.27,6461.18,5,Amazing product!,62400
1337,1073,Xiaomi Router Edge,Electronics,11636,4,Hyderabad,2026-07-31 02:54:56.492612,Shipped,False,9052.94,10332.25,5,Fantastic experience,46544
1338,1508,Samsung Shoes Mini,Fashion,19141,2,Kolkata,2026-08-07 02:54:56.492621,Shipped,True,12388.4,13505.19,5,Loved it!,38282
1339,1367,Acer Watch Core,Electronics,45656,3,Kolkata,2026-08-07 02:54:56.492632,Shipped,True,36502.09,27461.73,4,Top notch quality,136968
1340,1215,Puma Router Air,Electronics,19744,4,Mumbai,2026-07-09 02:54:56.492641,Cancelled,False,16550.95,12772.22,3,Could be better,78976
1341,1110,LG Watch Pro,Electronics,10246,2,Chennai,2026-08-04 02:54:56.492650,Placed,True,7954.02,4583.96,1,Waste of money,20492
1342,1735,Nike Watch Max,Electronics,10286,1,Chennai,2026-07-10 02:54:56.492661,Shipped,False,8293.78,1992.22,5,Superb quality!,10286
1343,1160,HP Tablet Mini,Electronics,27361,1,Chennai,2026-07-05 02:54:56.492671,Cancelled,False,23767.87,3593.13,1,Not worth it,27361
1344,1674,Puma Shoes Edge,Fashion,23115,1,Chennai,2026-08-04 02:54:56.492680,Shipped,True,16570.4,6544.6,4,Top notch quality,23115
1345,1981,Nikon Camera Max,Electronics,46974,3,Hyderabad,2026-07-30 02:54:56.492689,Shipped,False,38687.05,24860.84,4,Worth every penny,140922
1346,1151,Realme T-shirt Mini,Fashion,46365,2,Delhi,2026-08-05 02:54:56.492700,Shipped,True,33602.58,25524.83,4,Worth every penny,92730
1347,1039,Nike Jacket Edge,Fashion,9697,2,Hyderabad,2026-07-04 02:54:56.492709,Shipped,False,8457.65,2478.71,2,Terrible product,19394
1348,1790,Canon Shoes Core,Fashion,41888,3,Hyderabad,2026-07-09 02:54:56.492718,Shipped,False,29369.94,37554.19,1,Will not recommend,125664
1349,1543,Apple T-shirt X,Fashion,33338,2,Chennai,2026-08-05 02:54:56.492728,Shipped,True,26807.31,13061.38,5,Excellent performance,66676
1350,1297,H&M Camera Neo,Electronics,35151,5,Kolkata,2026-08-07 02:54:56.492737,Placed,True,25888.21,46313.95,5,Fantastic experience,175755
1351,1849,Samsung Camera Prime,Electronics,30413,1,Chennai,2026-07-24 02:54:56.492748,Placed,False,21964.3,8448.7,1,Will not recommend,30413
1352,1836,JBL Router Air,Electronics,30878,5,Mumbai,2026-08-06 02:54:56.492760,Cancelled,True,22688.58,40947.1,3,Average experience,154390
1353,1974,Nike T-shirt Ultra,Fashion,38482,3,Hyderabad,2026-07-26 02:54:56.492770,Placed,False,29216.41,27796.76,1,Very poor quality,115446
1354,1016,Lenovo Shoes Prime,Fashion,16161,4,Kolkata,2026-08-07 02:54:56.492779,Placed,True,14344.36,7266.55,3,Just okay,64644
1355,1798,JBL Shoes X,Fashion,48521,3,Delhi,2026-08-07 02:54:56.492789,Cancelled,True,36886.97,34902.08,5,Excellent performance,145563
1356,1336,OnePlus Jacket Prime,Fashion,15890,4,Pune,2026-07-29 02:54:56.492798,Cancelled,False,9601.75,25153.02,4,Loved it!,63560
1357,1425,Sony Speaker Neo,Electronics,31948,1,Mumbai,2026-08-05 02:54:56.492807,Shipped,True,20788.78,11159.22,3,Decent quality,31948
1358,1555,JBL Tablet Plus,Electronics,28447,2,Pune,2026-08-06 02:54:56.492817,Placed,True,23597.58,9698.84,3,Decent quality,56894
1359,1067,Boat Headphones Plus,Electronics,42378,1,Hyderabad,2026-08-05 02:54:56.492827,Placed,True,36271.72,6106.28,1,Very poor quality,42378
1360,1523,Canon Router Air,Electronics,18198,2,Delhi,2026-08-07 02:54:56.492837,Shipped,True,11581.78,13232.43,5,Top notch quality,36396
1361,1180,Canon Phone Pro,Electronics,44277,5,Chennai,2026-07-09 02:54:56.492846,Placed,False,31298.42,64892.88,1,Not worth it,221385
1362,1064,Boat Phone Max,Electronics,12905,5,Mumbai,2026-07-11 02:54:56.492855,Placed,False,11269.63,8176.87,5,Loved it!,64525
1363,1106,HP TV Prime,Electronics,22919,2,Hyderabad,2026-08-07 02:54:56.492865,Shipped,True,13956.22,17925.56,4,Very satisfied,45838
1364,1854,Canon Laptop Ultra,Electronics,26875,2,Pune,2026-08-05 02:54:56.492874,Delivered,True,22361.05,9027.9,1,Very poor quality,53750
1365,1037,JBL Jeans Elite,Fashion,32899,5,Chennai,2026-07-22 02:54:56.492884,Shipped,False,26080.95,34090.24,2,Not satisfied,164495
1366,1992,Xiaomi Laptop Prime,Electronics,743,5,Bangalore,2026-08-03 02:54:56.492895,Shipped,False,590.4,763.01,4,Amazing product!,3715
1367,1566,Nikon Jeans Air,Fashion,30874,1,Kolkata,2026-08-04 02:54:56.492904,Placed,True,24015.82,6858.18,4,Top notch quality,30874
1368,1039,Adidas Watch Plus,Electronics,22828,1,Hyderabad,2026-08-06 02:54:56.492913,Cancelled,True,15833.9,6994.1,4,Excellent performance,22828
1369,1870,Xiaomi TV Prime,Electronics,4098,3,Chennai,2026-08-06 02:54:56.492946,Delivered,True,3687.32,1232.05,3,Could be better,12294
1370,1026,Acer Watch X,Electronics,35297,3,Bangalore,2026-08-07 02:54:56.492957,Shipped,True,28999.61,18892.17,4,Amazing product!,105891
1371,1786,HP Phone Plus,Electronics,12609,1,Bangalore,2026-08-08 02:54:56.492966,Placed,True,8936.75,3672.25,1,Disappointed,12609
1372,1861,Nike T-shirt Mini,Fashion,8608,2,Hyderabad,2026-08-08 02:54:56.492978,Placed,True,5762.68,5690.65,3,Decent quality,17216
1373,1916,Acer Laptop Prime,Electronics,49969,5,Chennai,2026-08-08 02:54:56.492994,Shipped,True,43567.76,32006.19,3,Okay product,249845
1374,1070,LG Laptop Max,Electronics,3169,3,Delhi,2026-08-01 02:54:56.493003,Shipped,False,2157.18,3035.45,1,Waste of money,9507
1375,1554,Adidas Jeans Edge,Fashion,39055,1,Delhi,2026-08-07 02:54:56.493013,Placed,True,28930.65,10124.35,3,Just okay,39055
1376,1645,OnePlus Speaker Air,Electronics,10907,5,Hyderabad,2026-08-04 02:54:56.493022,Shipped,True,7095.16,19059.22,5,Loved it!,54535
1377,1590,LG Router Ultra,Electronics,31322,2,Hyderabad,2026-08-05 02:54:56.493031,Cancelled,True,28092.52,6458.97,1,Disappointed,62644
1378,1844,Samsung Shoes Ultra,Fashion,12791,4,Kolkata,2026-08-04 02:54:56.493041,Delivered,True,8484.3,17226.8,4,Superb quality!,51164
1379,1255,Acer Bag Plus,Fashion,23061,2,Kolkata,2026-07-16 02:54:56.493050,Delivered,False,20137.42,5847.17,3,Decent quality,46122
1380,1604,Boat Phone Prime,Electronics,8668,4,Mumbai,2026-07-14 02:54:56.493061,Delivered,False,5204.58,13853.69,1,Terrible product,34672
1381,1728,Puma Jeans Max,Fashion,17076,2,Delhi,2026-08-08 02:54:56.493070,Placed,True,15200.24,3751.52,2,Waste of money,34152
1382,1588,Lenovo Phone Ultra,Electronics,16883,1,Delhi,2026-08-07 02:54:56.493079,Cancelled,True,15018.54,1864.46,3,Okay product,16883
1383,1150,Sony Phone Ultra,Electronics,14275,1,Pune,2026-08-07 02:54:56.493090,Placed,True,10026.86,4248.14,4,Highly recommended!,14275
1384,1679,JBL Shoes Plus,Fashion,8576,3,Mumbai,2026-07-21 02:54:56.493099,Delivered,False,6842.41,5200.76,3,Nothing special,25728
1385,1500,Nikon Shoes Core,Fashion,42118,2,Bangalore,2026-08-07 02:54:56.493108,Shipped,True,27646.26,28943.47,2,Will not recommend,84236
1386,1536,Panasonic Jeans Elite,Fashion,3706,3,Bangalore,2026-08-07 02:54:56.493118,Delivered,True,2399.94,3918.19,1,Will not recommend,11118
1387,1484,Apple Jacket Elite,Fashion,27592,1,Hyderabad,2026-07-30 02:54:56.493129,Shipped,False,18867.37,8724.63,4,Amazing product!,27592
1388,1704,HP Tablet Air,Electronics,35207,1,Hyderabad,2026-07-23 02:54:56.493138,Shipped,False,27928.83,7278.17,4,Superb quality!,35207
1389,1799,JBL Bag Elite,Fashion,31749,4,Mumbai,2026-07-29 02:54:56.493147,Delivered,False,21150.22,42395.11,2,Not satisfied,126996
1390,1706,Samsung Headphones Prime,Electronics,32344,4,Delhi,2026-08-08 02:54:56.493157,Cancelled,True,20472.05,47487.81,3,Decent quality,129376
1391,1247,Xiaomi Tablet Neo,Electronics,43641,5,Bangalore,2026-07-11 02:54:56.493166,Delivered,False,26450.37,85953.16,5,Loved it!,218205
1392,1786,Asus Headphones Elite,Electronics,16510,5,Pune,2026-08-07 02:54:56.493176,Placed,True,10644.47,29327.63,1,Not worth it,82550
1393,1738,Canon Router Air,Electronics,36798,4,Hyderabad,2026-08-03 02:54:56.493187,Delivered,False,24214.03,50335.88,1,Disappointed,147192
1394,1200,Lenovo Headphones Core,Electronics,16960,3,Mumbai,2026-08-07 02:54:56.493198,Shipped,True,10664.91,18885.28,4,Best purchase ever,50880
1395,1441,Puma Laptop Plus,Electronics,3501,3,Kolkata,2026-07-19 02:54:56.493207,Cancelled,False,2659.87,2523.39,4,Superb quality!,10503
1396,1478,LG Router Ultra,Electronics,45702,1,Chennai,2026-08-08 02:54:56.493216,Cancelled,True,30592.52,15109.48,1,Very poor quality,45702
1397,1223,Dell Watch Prime,Electronics,48905,1,Bangalore,2026-08-08 02:54:56.493225,Delivered,True,39883.46,9021.54,2,Very poor quality,48905
1398,1914,Nikon Router Neo,Electronics,2899,3,Mumbai,2026-08-08 02:54:56.493234,Delivered,True,1844.01,3164.98,3,Nothing special,8697
1399,1045,Puma Shoes Pro,Fashion,22835,2,Chennai,2026-08-04 02:54:56.493244,Shipped,True,19120.43,7429.15,5,Superb quality!,45670
1400,1908,Sony Laptop Elite,Electronics,18658,5,Bangalore,2026-08-04 02:54:56.493253,Delivered,True,15768.24,14448.79,2,Terrible product,93290
1401,1771,Puma Router Elite,Electronics,6313,5,Chennai,2026-08-08 02:54:56.493264,Shipped,True,3787.98,12625.12,3,Could be better,31565
1402,1842,Realme Shoes Edge,Fashion,46109,2,Mumbai,2026-08-04 02:54:56.493273,Placed,True,36895.94,18426.12,2,Waste of money,92218
1403,1062,Lenovo Phone Edge,Electronics,48831,1,Pune,2026-08-05 02:54:56.493282,Cancelled,True,32193.96,16637.04,3,Nothing special,48831
1404,1642,Lenovo Shoes Prime,Fashion,15286,5,Hyderabad,2026-08-04 02:54:56.493291,Placed,True,12499.72,13931.42,2,Not worth it,76430
1405,1383,Canon Jacket Core,Fashion,20134,4,Delhi,2026-08-04 02:54:56.493300,Cancelled,True,14941.82,20768.7,1,Waste of money,80536
1406,1111,Zara Jacket Prime,Fashion,11975,4,Chennai,2026-08-04 02:54:56.493315,Cancelled,True,7945.84,16116.65,2,Terrible product,47900
1407,1976,Apple Laptop Edge,Electronics,46354,2,Chennai,2026-07-12 02:54:56.493324,Shipped,False,40138.69,12430.62,2,Very poor quality,92708
1408,1200,Lenovo Headphones Core,Electronics,11781,5,Chennai,2026-07-26 02:54:56.493334,Shipped,False,7988.33,18963.37,2,Not satisfied,58905
1409,1922,Realme TV Mini,Electronics,25110,5,Delhi,2026-07-05 02:54:56.493344,Placed,False,21655.3,17273.49,1,Waste of money,125550
1410,1054,Apple Laptop Edge,Electronics,48800,5,Kolkata,2026-08-08 02:54:56.493353,Delivered,True,35057.05,68714.76,5,Highly recommended!,244000
1411,1905,Boat T-shirt Ultra,Fashion,35825,2,Delhi,2026-08-05 02:54:56.493362,Placed,True,26959.2,17731.6,5,Fantastic experience,71650
1412,1847,LG Speaker Pro,Electronics,35824,5,Mumbai,2026-08-06 02:54:56.493371,Placed,True,24285.0,57695.01,3,Not bad,179120
1413,1639,Sony Jacket Elite,Fashion,28531,4,Chennai,2026-08-05 02:54:56.493380,Cancelled,True,23099.63,21725.48,1,Waste of money,114124
1414,1030,Nike Bag Core,Fashion,28164,5,Delhi,2026-08-06 02:54:56.493390,Delivered,True,18289.43,49372.85,3,Could be better,140820
1415,1084,Canon Tablet Edge,Electronics,1255,1,Pune,2026-08-04 02:54:56.493401,Placed,True,874.42,380.58,5,Loved it!,1255
1416,1736,Apple Laptop Neo,Electronics,32008,1,Mumbai,2026-07-09 02:54:56.493410,Shipped,False,19754.51,12253.49,5,Amazing product!,32008
1417,1087,Asus Phone Elite,Electronics,21002,4,Kolkata,2026-08-08 02:54:56.493420,Shipped,True,17342.59,14637.65,3,Not bad,84008
1418,1179,Canon TV Ultra,Electronics,10195,5,Hyderabad,2026-07-25 02:54:56.493429,Delivered,False,7714.22,12403.92,1,Waste of money,50975
1419,1478,HP Tablet Air,Electronics,19438,5,Delhi,2026-08-06 02:54:56.493438,Delivered,True,14396.99,25205.03,5,Very satisfied,97190
1420,1370,Sony Jacket Elite,Fashion,39769,1,Pune,2026-08-06 02:54:56.493447,Cancelled,True,28369.96,11399.04,3,Okay product,39769
1421,1152,Realme Watch Mini,Electronics,18527,5,Hyderabad,2026-08-07 02:54:56.493456,Delivered,True,14245.42,21407.91,2,Terrible product,92635
1422,1747,OnePlus Camera Ultra,Electronics,34033,2,Delhi,2026-07-23 02:54:56.493465,Placed,False,24158.77,19748.45,2,Terrible product,68066
1423,1876,JBL TV Mini,Electronics,47311,1,Kolkata,2026-08-02 02:54:56.493475,Delivered,False,31337.62,15973.38,4,Best purchase ever,47311
1424,1128,Samsung Bag Neo,Fashion,30648,5,Delhi,2026-07-09 02:54:56.493484,Placed,False,25490.25,25788.77,5,Highly recommended!,153240
1425,1267,Lenovo Jacket Elite,Fashion,18051,1,Pune,2026-08-07 02:54:56.493493,Shipped,True,15351.82,2699.18,1,Not satisfied,18051
1426,1541,Xiaomi TV Neo,Electronics,17451,2,Pune,2026-07-19 02:54:56.493505,Cancelled,False,13170.25,8561.5,4,Superb quality!,34902
1427,1694,Apple Phone Prime,Electronics,26695,3,Bangalore,2026-08-05 02:54:56.493514,Placed,True,17150.21,28634.37,4,Best purchase ever,80085
1428,1774,Adidas Watch Plus,Electronics,11698,5,Pune,2026-07-21 02:54:56.493526,Shipped,False,7575.37,20613.17,2,Terrible product,58490
1429,1473,LG Bag Pro,Fashion,24634,5,Hyderabad,2026-07-28 02:54:56.493535,Placed,False,17068.3,37828.52,3,Okay product,123170
1430,1887,Zara Tablet Elite,Electronics,26071,3,Hyderabad,2026-07-29 02:54:56.493544,Shipped,False,23042.66,9085.03,3,Decent quality,78213
1431,1196,Lenovo TV Mini,Electronics,12728,4,Hyderabad,2026-08-06 02:54:56.493553,Shipped,True,9711.98,12064.07,2,Disappointed,50912
1432,1525,Nike Camera Ultra,Electronics,48291,1,Kolkata,2026-08-07 02:54:56.493563,Delivered,True,33432.77,14858.23,3,Decent quality,48291
1433,1531,Sony Bag Mini,Fashion,35257,5,Mumbai,2026-08-05 02:54:56.493577,Placed,True,25050.51,51032.47,5,Fantastic experience,176285
1434,1296,Canon Watch Pro,Electronics,18550,3,Pune,2026-08-07 02:54:56.493586,Placed,True,14879.02,11012.95,3,Average experience,55650
1435,1848,Panasonic Tablet Ultra,Electronics,4269,3,Kolkata,2026-08-05 02:54:56.493595,Cancelled,True,2828.99,4320.04,3,Works fine,12807
1436,1096,Nikon Phone Pro,Electronics,38977,3,Pune,2026-08-07 02:54:56.493607,Cancelled,True,32819.08,18473.75,1,Bad experience,116931
1437,1246,Samsung Bag X,Fashion,30302,5,Kolkata,2026-07-11 02:54:56.493616,Placed,False,23129.92,35860.39,5,Superb quality!,151510
1438,1040,Nikon TV Mini,Electronics,41844,2,Chennai,2026-07-28 02:54:56.493625,Cancelled,False,30190.38,23307.25,3,Works fine,83688
1439,1097,OnePlus Jacket Prime,Fashion,2777,1,Chennai,2026-08-08 02:54:56.493635,Delivered,True,2298.02,478.98,3,Just okay,2777
1440,1600,Sony Bag Mini,Fashion,33312,4,Delhi,2026-08-04 02:54:56.493646,Cancelled,True,22072.9,44956.4,1,Not satisfied,133248
1441,1483,HP Camera Core,Electronics,27698,1,Pune,2026-08-08 02:54:56.493655,Placed,True,18649.5,9048.5,4,Worth every penny,27698
1442,1903,OnePlus Router Elite,Electronics,33094,3,Kolkata,2026-07-08 02:54:56.493665,Placed,False,29391.13,11108.61,4,Amazing product!,99282
1443,1318,Dell Camera X,Electronics,14505,4,Kolkata,2026-07-15 02:54:56.493674,Shipped,False,9285.78,20876.88,1,Bad experience,58020
1444,1488,Nike Bag Core,Fashion,8572,5,Bangalore,2026-07-31 02:54:56.493683,Shipped,False,5723.98,14240.1,4,Fantastic experience,42860
1445,1621,Apple Watch Prime,Electronics,2228,5,Kolkata,2026-08-07 02:54:56.493692,Cancelled,True,1450.83,3885.85,2,Very poor quality,11140
1446,1094,Realme T-shirt Air,Fashion,10191,1,Bangalore,2026-08-07 02:54:56.493702,Shipped,True,7139.38,3051.62,4,Loved it!,10191
1447,1645,JBL Jeans Elite,Fashion,2890,3,Delhi,2026-08-08 02:54:56.493715,Delivered,True,2549.56,1021.32,1,Not worth it,8670
1448,1119,Canon Phone Plus,Electronics,22617,2,Pune,2026-07-05 02:54:56.493724,Delivered,False,16478.77,12276.47,1,Bad experience,45234
1449,1399,OnePlus Jeans Core,Fashion,28452,1,Chennai,2026-08-05 02:54:56.493733,Placed,True,21511.9,6940.1,2,Not worth it,28452
1450,1962,Nike Jacket Edge,Fashion,40308,1,Pune,2026-08-07 02:54:56.493743,Cancelled,True,32466.98,7841.02,1,Not worth it,40308
1451,1563,Nikon Phone X,Electronics,7050,2,Mumbai,2026-08-06 02:54:56.493752,Shipped,True,4982.51,4134.99,4,Fantastic experience,14100
1452,1636,Panasonic Jeans Elite,Fashion,37989,1,Mumbai,2026-07-14 02:54:56.493761,Delivered,False,27631.0,10358.0,5,Highly recommended!,37989
1453,1812,Realme Headphones Ultra,Electronics,17787,3,Kolkata,2026-08-04 02:54:56.493770,Cancelled,True,12294.41,16477.78,5,Amazing product!,53361
1454,1139,Dell Jacket Plus,Fashion,13218,3,Chennai,2026-07-27 02:54:56.493781,Delivered,False,11352.28,5597.16,5,Fantastic experience,39654
1455,1707,Sony Jeans X,Fashion,14391,2,Pune,2026-07-15 02:54:56.493791,Placed,False,8865.15,11051.71,3,Nothing special,28782
1456,1957,LG Phone Air,Electronics,40193,1,Delhi,2026-07-16 02:54:56.493800,Placed,False,33801.75,6391.25,3,Not bad,40193
1457,1890,Xiaomi Phone Max,Electronics,30194,3,Hyderabad,2026-08-07 02:54:56.493811,Delivered,True,25060.67,15399.98,5,Very satisfied,90582
1458,1652,Nikon Jeans Plus,Fashion,19925,5,Kolkata,2026-08-01 02:54:56.493821,Shipped,False,12822.82,35510.9,3,Just okay,99625
1459,1976,Realme Watch Core,Electronics,10129,3,Mumbai,2026-08-06 02:54:56.493830,Placed,True,8424.19,5114.44,3,Works fine,30387
1460,1577,H&M Camera Neo,Electronics,12976,1,Kolkata,2026-08-05 02:54:56.493840,Shipped,True,10824.04,2151.96,4,Very satisfied,12976
1461,1782,Sony Bag Mini,Fashion,4089,4,Chennai,2026-08-08 02:54:56.493851,Delivered,True,2643.54,5781.84,1,Will not recommend,16356
1462,1333,OnePlus Tablet X,Electronics,2500,4,Pune,2026-08-05 02:54:56.493860,Shipped,True,1921.24,2315.02,2,Very poor quality,10000
1463,1856,Panasonic Watch Plus,Electronics,39978,3,Hyderabad,2026-08-08 02:54:56.493870,Cancelled,True,31869.57,24325.28,5,Amazing product!,119934
1464,1444,Realme Speaker Ultra,Electronics,701,3,Bangalore,2026-07-06 02:54:56.493879,Placed,False,627.03,221.91,5,Best purchase ever,2103
1465,1676,Samsung Phone Mini,Electronics,36495,2,Bangalore,2026-07-16 02:54:56.493888,Shipped,False,27858.46,17273.07,2,Terrible product,72990
1466,1575,Puma Shoes Pro,Fashion,36585,4,Chennai,2026-07-23 02:54:56.493897,Delivered,False,28869.44,30862.25,2,Not satisfied,146340
1467,1863,LG Tablet Max,Electronics,28415,1,Mumbai,2026-08-05 02:54:56.493906,Shipped,True,21920.81,6494.19,1,Disappointed,28415
1468,1875,Panasonic Bag Ultra,Fashion,18001,4,Delhi,2026-08-05 02:54:56.493940,Shipped,True,15389.58,10445.69,3,Average experience,72004
1469,1614,JBL Laptop Elite,Electronics,11263,4,Chennai,2026-08-04 02:54:56.493957,Placed,True,9013.95,8996.21,5,Very satisfied,45052
1470,1684,Adidas Watch Core,Electronics,26012,1,Mumbai,2026-08-04 02:54:56.493967,Delivered,True,19539.43,6472.57,1,Bad experience,26012
1471,1082,Canon TV Ultra,Electronics,40600,3,Bangalore,2026-08-04 02:54:56.493976,Placed,True,28929.83,35010.5,1,Disappointed,121800
1472,1892,Canon Jeans Pro,Fashion,40249,1,Kolkata,2026-08-02 02:54:56.493985,Delivered,False,29073.35,11175.65,2,Very poor quality,40249
1473,1017,Dell Router Prime,Electronics,29553,4,Chennai,2026-08-04 02:54:56.493994,Shipped,True,19686.83,39464.69,3,Decent quality,118212
1474,1743,Adidas Phone Neo,Electronics,29512,5,Chennai,2026-07-22 02:54:56.494005,Cancelled,False,18222.32,56448.4,4,Highly recommended!,147560
1475,1742,HP Tablet Air,Electronics,27477,2,Pune,2026-08-06 02:54:56.494020,Placed,True,21064.95,12824.1,1,Will not recommend,54954
1476,1406,Adidas Bag Elite,Fashion,31573,4,Kolkata,2026-08-05 02:54:56.494030,Placed,True,26228.76,21376.95,3,Average experience,126292
1477,1959,Adidas Watch Elite,Electronics,35465,3,Mumbai,2026-08-05 02:54:56.494039,Cancelled,True,23435.27,36089.19,2,Bad experience,106395
1478,1478,LG Camera Pro,Electronics,21091,3,Kolkata,2026-08-05 02:54:56.494050,Shipped,True,18449.26,7925.21,4,Loved it!,63273
1479,1000,LG Phone Max,Electronics,5687,4,Chennai,2026-08-05 02:54:56.494059,Cancelled,True,4568.99,4472.03,1,Waste of money,22748
1480,1587,Realme T-shirt Edge,Fashion,14843,4,Bangalore,2026-08-08 02:54:56.494068,Shipped,True,9495.17,21391.32,4,Fantastic experience,59372
1481,1314,Asus Jacket Plus,Fashion,8447,2,Bangalore,2026-08-07 02:54:56.494078,Placed,True,7327.1,2239.8,5,Excellent performance,16894
1482,1996,Apple TV X,Electronics,3723,2,Hyderabad,2026-08-02 02:54:56.494089,Cancelled,False,3198.94,1048.12,3,Average experience,7446
1483,1407,Zara Watch X,Electronics,28756,3,Chennai,2026-08-02 02:54:56.494098,Cancelled,False,21150.66,22816.02,3,Okay product,86268
1484,1076,Dell Watch Prime,Electronics,7596,2,Delhi,2026-07-11 02:54:56.494107,Delivered,False,6078.19,3035.62,2,Waste of money,15192
1485,1531,JBL Laptop Elite,Electronics,11082,1,Chennai,2026-07-06 02:54:56.494116,Cancelled,False,6989.43,4092.57,2,Disappointed,11082
1486,1239,LG Phone X,Electronics,38020,5,Hyderabad,2026-07-11 02:54:56.494126,Delivered,False,31758.8,31305.98,5,Top notch quality,190100
1487,1029,JBL T-shirt Edge,Fashion,15680,5,Bangalore,2026-08-04 02:54:56.494135,Cancelled,True,11964.68,18576.6,3,Just okay,78400
1488,1489,Apple Laptop Edge,Electronics,38014,4,Pune,2026-08-07 02:54:56.494146,Delivered,True,27401.8,42448.8,1,Will not recommend,152056
1489,1782,Lenovo Jacket Elite,Fashion,26888,4,Delhi,2026-08-07 02:54:56.494156,Cancelled,True,23070.72,15269.12,1,Not worth it,107552
1490,1690,Asus Jacket Plus,Fashion,35930,2,Mumbai,2026-08-05 02:54:56.494165,Cancelled,True,23971.51,23916.99,3,Could be better,71860
1491,1583,Adidas T-shirt X,Fashion,26279,3,Mumbai,2026-08-06 02:54:56.494174,Delivered,True,23154.89,9372.33,3,Just okay,78837
1492,1773,Xiaomi TV Neo,Electronics,5275,5,Kolkata,2026-08-04 02:54:56.494183,Cancelled,True,3683.1,7959.51,4,Top notch quality,26375
1493,1802,LG Camera Pro,Electronics,3084,5,Kolkata,2026-07-27 02:54:56.494193,Delivered,False,2427.2,3283.98,5,Excellent performance,15420
1494,1678,JBL Shoes X,Fashion,1559,2,Hyderabad,2026-08-04 02:54:56.494202,Shipped,True,1308.8,500.39,5,Superb quality!,3118
1495,1866,Nike Camera Neo,Electronics,28886,5,Pune,2026-07-18 02:54:56.494213,Shipped,False,22950.25,29678.75,3,Could be better,144430
1496,1468,Canon Tablet Pro,Electronics,34067,5,Hyderabad,2026-08-04 02:54:56.494223,Shipped,True,23984.32,50413.4,5,Fantastic experience,170335
1497,1458,HP Router Plus,Electronics,2846,4,Chennai,2026-08-06 02:54:56.494232,Cancelled,True,1908.48,3750.07,5,Very satisfied,11384
1498,1736,Asus Router Edge,Electronics,13344,5,Pune,2026-08-04 02:54:56.494241,Delivered,True,9106.88,21185.6,1,Bad experience,66720
1499,1517,Panasonic Watch Plus,Electronics,30738,4,Chennai,2026-07-22 02:54:56.494250,Cancelled,False,26345.76,17568.96,5,Very satisfied,122952
1500,1697,Asus Shoes Air,Fashion,10586,2,Kolkata,2026-07-18 02:54:56.494261,Cancelled,False,7920.15,5331.7,1,Not worth it,21172
1501,1773,Zara Shoes Edge,Fashion,26622,2,Chennai,2026-08-06 02:54:56.494271,Placed,True,21527.89,10188.21,1,Not worth it,53244
1502,1171,Acer Phone Prime,Electronics,48189,5,Bangalore,2026-07-13 02:54:56.494282,Delivered,False,37142.06,55234.7,1,Bad experience,240945
1503,1471,Lenovo Headphones Air,Electronics,36005,2,Kolkata,2026-07-07 02:54:56.494291,Shipped,False,24501.28,23007.43,2,Terrible product,72010
1504,1699,Dell Headphones Core,Electronics,13352,2,Kolkata,2026-07-08 02:54:56.494300,Shipped,False,8755.0,9194.01,2,Waste of money,26704
1505,1348,Puma T-shirt Edge,Fashion,38252,3,Chennai,2026-07-08 02:54:56.494310,Cancelled,False,32892.42,16078.73,2,Bad experience,114756
1506,1935,Boat Speaker Neo,Electronics,17587,1,Bangalore,2026-07-29 02:54:56.494319,Shipped,False,14363.76,3223.24,4,Highly recommended!,17587
1507,1542,Boat Phone X,Electronics,11489,5,Kolkata,2026-08-07 02:54:56.494328,Cancelled,True,9886.29,8013.56,2,Not worth it,57445
1508,1374,Canon Headphones Edge,Electronics,45486,3,Delhi,2026-08-05 02:54:56.494337,Placed,True,34932.34,31660.98,4,Worth every penny,136458
1509,1016,Realme Shoes Max,Fashion,42824,4,Kolkata,2026-07-04 02:54:56.494348,Delivered,False,37893.81,19720.77,5,Worth every penny,171296
1510,1898,Samsung Phone Ultra,Electronics,32466,3,Pune,2026-07-27 02:54:56.494360,Placed,False,21370.68,33285.97,5,Loved it!,97398
1511,1203,Apple T-shirt Plus,Fashion,34074,5,Kolkata,2026-08-04 02:54:56.494369,Delivered,True,26567.51,37532.46,2,Not satisfied,170370
1512,1403,JBL Laptop Elite,Electronics,46682,3,Bangalore,2026-08-06 02:54:56.494384,Placed,True,29213.74,52404.79,3,Works fine,140046
1513,1221,LG Watch Mini,Electronics,21815,3,Pune,2026-07-31 02:54:56.494393,Shipped,False,18505.22,9929.33,2,Bad experience,65445
1514,1243,Zara TV Core,Electronics,24493,5,Hyderabad,2026-08-07 02:54:56.494401,Delivered,True,20043.91,22245.46,5,Loved it!,122465
1515,1290,JBL T-shirt Edge,Fashion,29816,3,Hyderabad,2026-08-04 02:54:56.494411,Shipped,True,26411.58,10213.25,2,Bad experience,89448
1516,1712,Realme Bag Elite,Fashion,6210,1,Kolkata,2026-07-29 02:54:56.494422,Delivered,False,4439.4,1770.6,5,Loved it!,6210
1517,1369,Realme Headphones Ultra,Electronics,31491,5,Mumbai,2026-08-08 02:54:56.494431,Cancelled,True,26053.43,27187.84,1,Disappointed,157455
1518,1426,Lenovo Shoes Max,Fashion,34202,5,Delhi,2026-07-22 02:54:56.494440,Cancelled,False,29655.03,22734.83,3,Just okay,171010
1519,1883,Zara Camera Core,Electronics,21763,5,Mumbai,2026-07-09 02:54:56.494450,Delivered,False,16576.32,25933.39,3,Decent quality,108815
1520,1987,Boat Speaker Core,Electronics,32790,3,Bangalore,2026-07-11 02:54:56.494459,Shipped,False,24999.25,23372.24,3,Just okay,98370
1521,1990,Adidas Router Air,Electronics,21296,5,Delhi,2026-07-29 02:54:56.494471,Cancelled,False,14723.26,32863.72,5,Loved it!,106480
1522,1043,Samsung Speaker Pro,Electronics,45928,4,Mumbai,2026-08-03 02:54:56.494480,Cancelled,False,40406.18,22087.26,1,Not satisfied,183712
1523,1658,HP Shoes Mini,Fashion,20609,3,Hyderabad,2026-08-08 02:54:56.494491,Cancelled,True,12815.18,23381.46,2,Waste of money,61827
1524,1034,Nike Jacket Edge,Fashion,8084,3,Kolkata,2026-08-01 02:54:56.494500,Cancelled,False,4863.91,9660.28,3,Nothing special,24252
1525,1631,Apple Jacket Elite,Fashion,42011,4,Chennai,2026-08-04 02:54:56.494509,Shipped,True,29028.71,51929.17,5,Fantastic experience,168044
1526,1459,HP Tablet Core,Electronics,38932,5,Pune,2026-07-30 02:54:56.494519,Delivered,False,34607.77,21621.16,2,Terrible product,194660
1527,1941,Asus Shoes Mini,Fashion,29405,3,Bangalore,2026-07-30 02:54:56.494528,Placed,False,18787.47,31852.59,5,Highly recommended!,88215
1528,1129,Boat Laptop Max,Electronics,14206,1,Mumbai,2026-08-05 02:54:56.494537,Placed,True,11664.74,2541.26,2,Bad experience,14206
1529,1532,Asus Headphones Ultra,Electronics,9885,1,Mumbai,2026-07-15 02:54:56.494547,Placed,False,6105.92,3779.08,1,Bad experience,9885
1530,1785,Zara Laptop Neo,Electronics,17696,4,Chennai,2026-08-05 02:54:56.494558,Delivered,True,12449.17,20987.31,5,Highly recommended!,70784
1531,1328,Panasonic TV Neo,Electronics,34492,1,Bangalore,2026-07-29 02:54:56.494567,Cancelled,False,30006.5,4485.5,4,Top notch quality,34492
1532,1333,Puma Jeans Max,Fashion,24301,5,Mumbai,2026-07-19 02:54:56.494576,Cancelled,False,17342.96,34790.18,5,Amazing product!,121505
1533,1562,OnePlus Headphones Max,Electronics,6413,5,Hyderabad,2026-07-22 02:54:56.494586,Cancelled,False,5251.39,5808.03,4,Amazing product!,32065
1534,1453,Nikon Phone Plus,Electronics,47573,4,Hyderabad,2026-08-07 02:54:56.494595,Cancelled,True,29447.52,72501.9,2,Very poor quality,190292
1535,1758,Asus Shoes Air,Fashion,48230,2,Chennai,2026-08-04 02:54:56.494604,Shipped,True,31568.31,33323.38,2,Very poor quality,96460
1536,1655,Nike Headphones Air,Electronics,11719,1,Bangalore,2026-07-09 02:54:56.494614,Shipped,False,9342.08,2376.92,5,Loved it!,11719
1537,1808,Lenovo Shoes Max,Fashion,36750,5,Kolkata,2026-08-05 02:54:56.494624,Cancelled,True,25634.26,55578.72,3,Works fine,183750
1538,1742,Boat Phone Prime,Electronics,35900,2,Pune,2026-07-17 02:54:56.494634,Shipped,False,24413.2,22973.6,1,Will not recommend,71800
1539,1267,Canon Phone Elite,Electronics,48807,4,Hyderabad,2026-08-05 02:54:56.494643,Delivered,True,33528.11,61115.57,1,Not worth it,195228
1540,1002,Asus Headphones Elite,Electronics,38354,4,Mumbai,2026-08-05 02:54:56.494652,Delivered,True,29957.63,33585.49,5,Top notch quality,153416
1541,1777,Sony Router Edge,Electronics,11924,4,Kolkata,2026-08-05 02:54:56.494661,Placed,True,8338.85,14340.62,5,Top notch quality,47696
1542,1248,Nike Camera Ultra,Electronics,33117,1,Mumbai,2026-08-07 02:54:56.494672,Shipped,True,21243.98,11873.02,5,Fantastic experience,33117
1543,1177,Panasonic Laptop Air,Electronics,2340,1,Delhi,2026-08-06 02:54:56.494681,Delivered,True,1915.9,424.1,1,Very poor quality,2340
1544,1448,Nike Jacket Edge,Fashion,3414,3,Bangalore,2026-07-15 02:54:56.494692,Delivered,False,2579.57,2503.28,5,Best purchase ever,10242
1545,1817,Apple Camera Neo,Electronics,14300,3,Hyderabad,2026-07-29 02:54:56.494702,Cancelled,False,11314.56,8956.31,4,Amazing product!,42900
1546,1660,H&M Speaker Air,Electronics,49691,1,Delhi,2026-08-04 02:54:56.494711,Shipped,True,44393.79,5297.21,2,Terrible product,49691
1547,1892,OnePlus Phone Core,Electronics,38030,5,Pune,2026-07-31 02:54:56.494720,Delivered,False,23575.65,72271.73,2,Very poor quality,190150
1548,1679,Sony Router Edge,Electronics,6632,1,Delhi,2026-08-08 02:54:56.494730,Cancelled,True,5529.54,1102.46,5,Worth every penny,6632
1549,1590,Puma Shoes Pro,Fashion,20343,2,Chennai,2026-07-26 02:54:56.494740,Cancelled,False,12551.77,15582.47,2,Not satisfied,40686
1550,1749,HP Laptop Max,Electronics,5916,2,Mumbai,2026-08-01 02:54:56.494749,Placed,False,3807.27,4217.45,1,Waste of money,11832
1551,1117,Nike Jacket Mini,Fashion,14082,2,Kolkata,2026-08-07 02:54:56.494760,Delivered,True,10420.2,7323.6,2,Not satisfied,28164
1552,1042,Canon Router Air,Electronics,49391,1,Delhi,2026-08-04 02:54:56.494770,Delivered,True,35601.47,13789.53,2,Waste of money,49391
1553,1954,OnePlus Headphones Max,Electronics,47795,1,Mumbai,2026-07-30 02:54:56.494779,Shipped,False,38165.04,9629.96,5,Top notch quality,47795
1554,1549,Boat Phone Ultra,Electronics,41327,2,Delhi,2026-08-06 02:54:56.494789,Cancelled,True,30145.34,22363.32,3,Works fine,82654
1555,1102,LG Laptop Edge,Electronics,12220,4,Delhi,2026-07-10 02:54:56.494798,Placed,False,7880.55,17357.8,3,Not bad,48880
1556,1137,Realme Speaker Ultra,Electronics,1988,5,Mumbai,2026-07-14 02:54:56.494807,Cancelled,False,1742.64,1226.81,1,Not worth it,9940
1557,1738,Nikon Laptop Air,Electronics,19290,4,Chennai,2026-08-04 02:54:56.494817,Cancelled,True,15628.52,14645.92,3,Could be better,77160
1558,1843,Apple Watch Prime,Electronics,4826,1,Delhi,2026-08-08 02:54:56.494828,Shipped,True,3081.21,1744.79,5,Top notch quality,4826
1559,1562,Panasonic Bag Ultra,Fashion,6868,2,Bangalore,2026-07-31 02:54:56.494838,Cancelled,False,4688.36,4359.28,4,Worth every penny,13736
1560,1964,Puma Bag Mini,Fashion,24531,4,Delhi,2026-07-10 02:54:56.494847,Cancelled,False,16278.86,33008.54,1,Disappointed,98124
1561,1370,Dell Headphones Mini,Electronics,49170,2,Kolkata,2026-08-05 02:54:56.494856,Delivered,True,43223.16,11893.68,4,Loved it!,98340
1562,1453,Boat T-shirt Plus,Fashion,31912,2,Pune,2026-07-26 02:54:56.494865,Placed,False,20739.79,22344.43,5,Amazing product!,63824
1563,1880,Adidas TV X,Electronics,6095,4,Bangalore,2026-07-07 02:54:56.494876,Placed,False,4410.97,6736.14,2,Waste of money,24380
1564,1227,Xiaomi Speaker Elite,Electronics,43104,1,Pune,2026-07-24 02:54:56.494885,Shipped,False,38184.73,4919.27,2,Not satisfied,43104
1565,1979,Lenovo Speaker Prime,Electronics,19207,1,Chennai,2026-08-04 02:54:56.494896,Placed,True,11621.35,7585.65,3,Just okay,19207
1566,1604,Puma TV Pro,Electronics,42432,4,Pune,2026-07-21 02:54:56.494906,Shipped,False,33388.55,36173.8,3,Nothing special,169728
1567,1861,Canon Phone Plus,Electronics,23308,3,Delhi,2026-07-21 02:54:56.494915,Cancelled,False,20598.0,8129.99,3,Nothing special,69924
1568,1816,Boat Speaker Core,Electronics,16956,4,Hyderabad,2026-08-03 02:54:56.494949,Placed,False,10398.05,26231.81,1,Bad experience,67824
1569,1408,Lenovo T-shirt Prime,Fashion,8537,1,Bangalore,2026-08-04 02:54:56.494958,Delivered,True,6540.65,1996.35,1,Will not recommend,8537
1570,1831,HP Tablet Air,Electronics,6396,4,Pune,2026-08-07 02:54:56.494968,Placed,True,4882.14,6055.43,5,Loved it!,25584
1571,1721,Puma Camera X,Electronics,24502,4,Delhi,2026-08-05 02:54:56.494980,Placed,True,21084.7,13669.2,1,Not worth it,98008
1572,1729,Canon Phone Elite,Electronics,6033,2,Mumbai,2026-08-07 02:54:56.494989,Delivered,True,3803.81,4458.39,1,Will not recommend,12066
1573,1179,Dell Phone Elite,Electronics,5723,1,Delhi,2026-07-23 02:54:56.494998,Shipped,False,4278.57,1444.43,2,Terrible product,5723
1574,1692,Canon Router Mini,Electronics,13381,1,Bangalore,2026-08-08 02:54:56.495010,Delivered,True,8758.1,4622.9,5,Fantastic experience,13381
1575,1341,Canon Bag Pro,Fashion,28412,4,Mumbai,2026-07-19 02:54:56.495019,Placed,False,18790.8,38484.78,5,Amazing product!,113648
1576,1447,Puma Camera X,Electronics,13631,5,Hyderabad,2026-07-29 02:54:56.495028,Delivered,False,11948.81,8410.96,4,Very satisfied,68155
1577,1032,Panasonic Laptop Air,Electronics,5672,3,Delhi,2026-08-08 02:54:56.495038,Cancelled,True,4816.71,2565.88,4,Amazing product!,17016
1578,1773,Panasonic Jeans Ultra,Fashion,26909,4,Delhi,2026-07-31 02:54:56.495049,Shipped,False,23936.21,11891.16,5,Amazing product!,107636
1579,1038,Adidas Router Air,Electronics,8133,1,Delhi,2026-07-16 02:54:56.495058,Delivered,False,6506.08,1626.92,1,Disappointed,8133
1580,1587,Lenovo Tablet Max,Electronics,43432,3,Delhi,2026-08-08 02:54:56.495068,Placed,True,36750.6,20044.19,5,Excellent performance,130296
1581,1513,Apple Speaker Pro,Electronics,16837,1,Delhi,2026-07-09 02:54:56.495079,Cancelled,False,10315.85,6521.15,5,Best purchase ever,16837
1582,1654,Lenovo Camera X,Electronics,39143,3,Mumbai,2026-07-05 02:54:56.495089,Delivered,False,32684.32,19376.05,5,Top notch quality,117429
1583,1617,JBL Shoes Plus,Fashion,4767,2,Kolkata,2026-07-16 02:54:56.495098,Delivered,False,3840.04,1853.92,4,Very satisfied,9534
1584,1496,Lenovo Tablet Max,Electronics,19676,1,Bangalore,2026-07-05 02:54:56.495107,Delivered,False,17445.44,2230.56,2,Very poor quality,19676
1585,1447,Realme Shoes Max,Fashion,3718,4,Mumbai,2026-07-16 02:54:56.495120,Shipped,False,2507.69,4841.24,2,Not worth it,14872
1586,1068,LG Jacket Ultra,Fashion,48797,5,Pune,2026-07-16 02:54:56.495136,Placed,False,43853.92,24715.39,4,Amazing product!,243985
1587,1527,Nike TV Pro,Electronics,17808,2,Chennai,2026-07-07 02:54:56.495146,Cancelled,False,10825.34,13965.32,4,Amazing product!,35616
1588,1645,Xiaomi Jeans Ultra,Fashion,35925,2,Hyderabad,2026-08-04 02:54:56.495155,Delivered,True,22146.93,27556.15,2,Not satisfied,71850
1589,1525,LG Laptop Edge,Electronics,41641,3,Kolkata,2026-08-08 02:54:56.495164,Placed,True,27922.92,41154.23,5,Best purchase ever,124923
1590,1950,Realme T-shirt Air,Fashion,38819,4,Pune,2026-08-04 02:54:56.495174,Placed,True,34657.73,16645.06,1,Disappointed,155276
1591,1776,Panasonic Shoes Core,Fashion,2501,1,Delhi,2026-07-06 02:54:56.495184,Shipped,False,1728.78,772.22,2,Waste of money,2501
1592,1954,H&M T-shirt Neo,Fashion,23834,5,Delhi,2026-08-08 02:54:56.495194,Delivered,True,21254.11,12899.47,3,Nothing special,119170
1593,1682,Puma Bag Mini,Fashion,11809,1,Delhi,2026-08-06 02:54:56.495203,Placed,True,8569.04,3239.96,3,Nothing special,11809
1594,1782,Canon Camera Edge,Electronics,12285,2,Pune,2026-07-16 02:54:56.495212,Placed,False,8475.01,7619.98,4,Loved it!,24570
1595,1573,Nike T-shirt Ultra,Fashion,6007,2,Kolkata,2026-07-13 02:54:56.495222,Shipped,False,5030.5,1953.01,5,Very satisfied,12014
1596,1234,Adidas Router Edge,Electronics,30866,4,Pune,2026-07-13 02:54:56.495231,Placed,False,20993.21,39491.15,5,Worth every penny,123464
1597,1657,Nikon Phone Ultra,Electronics,17450,1,Mumbai,2026-07-31 02:54:56.495243,Shipped,False,12706.13,4743.87,4,Fantastic experience,17450
1598,1817,Nikon Watch Plus,Electronics,32449,3,Hyderabad,2026-08-06 02:54:56.495252,Delivered,True,22915.9,28599.31,4,Best purchase ever,97347
1599,1855,Boat Phone Max,Electronics,43664,4,Kolkata,2026-08-06 02:54:56.495261,Placed,True,37788.15,23503.42,4,Excellent performance,174656
1600,1319,Asus Jacket Plus,Fashion,25648,5,Mumbai,2026-08-06 02:54:56.495271,Delivered,True,15585.94,50310.31,4,Fantastic experience,128240
1601,1955,Nikon Camera Mini,Electronics,29594,1,Bangalore,2026-08-08 02:54:56.495280,Shipped,True,18663.84,10930.16,2,Waste of money,29594
1602,1272,Nike Speaker Edge,Electronics,16435,4,Kolkata,2026-07-17 02:54:56.495289,Cancelled,False,9862.69,26289.23,5,Superb quality!,65740
1603,1404,Lenovo Watch Prime,Electronics,35411,5,Chennai,2026-08-08 02:54:56.495298,Placed,True,30598.66,24061.72,2,Disappointed,177055
1604,1091,Adidas Router Edge,Electronics,49841,5,Bangalore,2026-07-15 02:54:56.495307,Placed,False,36258.05,67914.76,5,Loved it!,249205
1605,1110,Nikon Bag Plus,Fashion,14554,1,Mumbai,2026-08-06 02:54:56.495317,Cancelled,True,13092.4,1461.6,2,Terrible product,14554
1606,1328,Canon Camera Pro,Electronics,31636,4,Kolkata,2026-08-06 02:54:56.495329,Cancelled,True,28292.19,13375.22,1,Disappointed,126544
1607,1768,Acer T-shirt Ultra,Fashion,6686,4,Bangalore,2026-07-10 02:54:56.495339,Placed,False,5836.9,3396.41,3,Decent quality,26744
1608,1713,Realme Headphones Mini,Electronics,9979,3,Bangalore,2026-08-08 02:54:56.495349,Placed,True,7271.45,8122.65,1,Very poor quality,29937
1609,1790,Xiaomi Shoes Ultra,Fashion,2351,5,Kolkata,2026-07-22 02:54:56.495359,Placed,False,1742.12,3044.38,4,Loved it!,11755
1610,1148,Nike Watch Max,Electronics,46387,3,Delhi,2026-08-08 02:54:56.495370,Placed,True,39887.7,19497.9,4,Fantastic experience,139161
1611,1941,Xiaomi Tablet Neo,Electronics,5717,4,Chennai,2026-07-21 02:54:56.495380,Placed,False,4780.46,3746.17,3,Not bad,22868
1612,1713,Asus TV Plus,Electronics,25176,3,Kolkata,2026-07-15 02:54:56.495389,Cancelled,False,20384.11,14375.68,5,Very satisfied,75528
1613,1348,Acer Laptop Prime,Electronics,29358,3,Kolkata,2026-07-16 02:54:56.495399,Shipped,False,23680.36,17032.92,1,Not worth it,88074
1614,1865,Nike Laptop Plus,Electronics,21049,1,Pune,2026-08-04 02:54:56.495408,Cancelled,True,17191.02,3857.98,2,Not satisfied,21049
1615,1080,OnePlus Router Mini,Electronics,31810,3,Chennai,2026-08-07 02:54:56.495417,Placed,True,22438.08,28115.75,1,Will not recommend,95430
1616,1420,Dell Tablet X,Electronics,48223,1,Pune,2026-08-08 02:54:56.495426,Delivered,True,31930.5,16292.5,3,Works fine,48223
1617,1007,JBL Shoes Plus,Fashion,8742,1,Delhi,2026-07-24 02:54:56.495438,Shipped,False,6817.43,1924.57,4,Top notch quality,8742
1618,1183,Xiaomi Jacket Plus,Fashion,39436,5,Delhi,2026-07-09 02:54:56.495447,Cancelled,False,27195.62,61201.91,5,Excellent performance,197180
1619,1334,Puma Jacket Prime,Fashion,25163,4,Hyderabad,2026-07-09 02:54:56.495456,Delivered,False,18353.94,27236.23,4,Amazing product!,100652
1620,1774,Panasonic Jeans Elite,Fashion,17679,2,Chennai,2026-08-06 02:54:56.495466,Shipped,True,12854.0,9650.0,3,Nothing special,35358
1621,1800,Zara Speaker Max,Electronics,35726,1,Kolkata,2026-07-09 02:54:56.495475,Shipped,False,29666.93,6059.07,2,Very poor quality,35726
1622,1818,Boat Phone Max,Electronics,40385,1,Chennai,2026-07-30 02:54:56.495484,Cancelled,False,34614.44,5770.56,3,Decent quality,40385
1623,1406,Nikon Bag Air,Fashion,25486,2,Pune,2026-08-07 02:54:56.495494,Shipped,True,20648.24,9675.53,1,Bad experience,50972
1624,1876,HP Camera Core,Electronics,40060,5,Mumbai,2026-07-27 02:54:56.495504,Placed,False,24146.04,79569.81,4,Highly recommended!,200300
1625,1318,Nikon Phone Ultra,Electronics,11962,2,Chennai,2026-07-29 02:54:56.495514,Delivered,False,8713.77,6496.45,4,Top notch quality,23924
1626,1726,Realme Shoes Ultra,Fashion,21209,5,Delhi,2026-08-07 02:54:56.495523,Placed,True,13384.93,39120.33,2,Disappointed,106045
1627,1110,Puma Shoes Pro,Fashion,24912,5,Chennai,2026-07-17 02:54:56.495534,Delivered,False,22371.28,12703.62,1,Not satisfied,124560
1628,1895,Zara Jeans Mini,Fashion,34334,4,Delhi,2026-07-12 02:54:56.495544,Delivered,False,30814.46,14078.16,2,Very poor quality,137336
1629,1138,Zara TV Core,Electronics,38369,5,Pune,2026-07-20 02:54:56.495553,Placed,False,33737.69,23156.53,3,Nothing special,191845
1630,1208,Nike Phone Prime,Electronics,17743,2,Kolkata,2026-08-01 02:54:56.495562,Cancelled,False,14533.9,6418.21,2,Not satisfied,35486
1631,1887,OnePlus Watch Plus,Electronics,15495,4,Hyderabad,2026-07-27 02:54:56.495573,Delivered,False,10904.08,18363.7,5,Very satisfied,61980
1632,1317,Zara Jacket Prime,Fashion,3651,4,Mumbai,2026-07-08 02:54:56.495583,Cancelled,False,2594.21,4227.15,3,Not bad,14604
1633,1048,Panasonic Headphones Plus,Electronics,44523,5,Delhi,2026-08-08 02:54:56.495592,Shipped,True,38449.84,30365.8,3,Decent quality,222615
1634,1757,Nike Jeans Elite,Fashion,28630,3,Mumbai,2026-07-14 02:54:56.495601,Shipped,False,19627.64,27007.07,4,Worth every penny,85890
1635,1788,Dell Headphones X,Electronics,13398,1,Kolkata,2026-08-05 02:54:56.495611,Cancelled,True,8658.45,4739.55,4,Excellent performance,13398
1636,1248,Adidas Jeans Air,Fashion,48765,4,Pune,2026-08-07 02:54:56.495620,Delivered,True,42442.67,25289.31,4,Superb quality!,195060
1637,1388,Puma Jacket Prime,Fashion,42774,2,Pune,2026-07-29 02:54:56.495631,Placed,False,28123.41,29301.18,5,Fantastic experience,85548
1638,1621,Apple Jeans Neo,Fashion,5269,4,Hyderabad,2026-07-12 02:54:56.495643,Placed,False,4196.85,4288.62,1,Bad experience,21076
1639,1332,Realme T-shirt Elite,Fashion,16683,1,Pune,2026-07-24 02:54:56.495652,Cancelled,False,10175.96,6507.04,5,Superb quality!,16683
1640,1012,Adidas Phone Air,Electronics,33467,2,Delhi,2026-07-15 02:54:56.495661,Cancelled,False,23403.71,20126.57,2,Disappointed,66934
1641,1862,Nikon Shoes Core,Fashion,46375,1,Chennai,2026-08-07 02:54:56.495671,Delivered,True,34421.9,11953.1,3,Okay product,46375
1642,1845,LG Laptop Neo,Electronics,11788,3,Kolkata,2026-07-26 02:54:56.495680,Shipped,False,7998.11,11369.67,4,Amazing product!,35364
1643,1015,LG Jacket Ultra,Fashion,35567,3,Pune,2026-08-07 02:54:56.495690,Cancelled,True,26145.33,28265.0,5,Loved it!,106701
1644,1524,Boat Shoes Neo,Fashion,43158,3,Pune,2026-08-08 02:54:56.495702,Placed,True,27799.15,46076.55,4,Fantastic experience,129474
1645,1313,Apple Bag X,Fashion,35815,4,Bangalore,2026-07-16 02:54:56.495711,Cancelled,False,30995.73,19277.1,5,Amazing product!,143260
1646,1385,Canon Phone Pro,Electronics,38430,2,Mumbai,2026-07-31 02:54:56.495721,Shipped,False,32739.43,11381.14,2,Disappointed,76860
1647,1851,OnePlus Headphones Plus,Electronics,6368,5,Kolkata,2026-07-12 02:54:56.495730,Shipped,False,4155.18,11064.12,2,Very poor quality,31840
1648,1999,Sony Phone X,Electronics,15336,5,Delhi,2026-07-29 02:54:56.495741,Cancelled,False,10297.82,25190.9,1,Waste of money,76680
1649,1176,Samsung Headphones Prime,Electronics,43723,5,Kolkata,2026-08-03 02:54:56.495751,Delivered,False,38300.7,27111.5,2,Very poor quality,218615
1650,1189,JBL Laptop Core,Electronics,34230,1,Mumbai,2026-08-05 02:54:56.495760,Cancelled,True,21781.85,12448.15,1,Not satisfied,34230
1651,1046,HP Camera Pro,Electronics,638,1,Delhi,2026-08-08 02:54:56.495775,Delivered,True,471.09,166.91,4,Loved it!,638
1652,1837,Panasonic Shoes Core,Fashion,41878,5,Bangalore,2026-07-12 02:54:56.495785,Delivered,False,26655.8,76111.0,5,Loved it!,209390
1653,1950,Xiaomi Laptop Prime,Electronics,24923,4,Bangalore,2026-08-06 02:54:56.495794,Placed,True,21812.13,12443.48,2,Disappointed,99692
1654,1199,Sony Phone X,Electronics,16488,1,Bangalore,2026-08-07 02:54:56.495803,Shipped,True,11975.93,4512.07,5,Highly recommended!,16488
1655,1468,Acer Tablet Air,Electronics,27282,5,Hyderabad,2026-07-08 02:54:56.495813,Placed,False,16654.59,53137.05,2,Not satisfied,136410
1656,1448,HP Router Plus,Electronics,26994,2,Hyderabad,2026-08-06 02:54:56.495822,Shipped,True,23836.71,6314.57,5,Very satisfied,53988
1657,1275,Acer Watch X,Electronics,22219,1,Delhi,2026-08-07 02:54:56.495831,Delivered,True,19813.42,2405.58,4,Very satisfied,22219
1658,1001,Nikon Bag Plus,Fashion,1354,4,Hyderabad,2026-07-25 02:54:56.495845,Placed,False,1100.38,1014.48,2,Disappointed,5416
1659,1535,Canon Bag Pro,Fashion,35997,3,Kolkata,2026-08-07 02:54:56.495855,Shipped,True,29939.7,18171.89,4,Amazing product!,107991
1660,1386,HP Router Edge,Electronics,24570,5,Kolkata,2026-08-07 02:54:56.495864,Delivered,True,18783.04,28934.81,3,Not bad,122850
1661,1552,Adidas Watch Plus,Electronics,37689,5,Chennai,2026-07-29 02:54:56.495873,Delivered,False,29475.81,41065.94,1,Very poor quality,188445
1662,1031,Samsung Bag Neo,Fashion,36900,5,Bangalore,2026-08-07 02:54:56.495883,Delivered,True,30792.19,30539.03,1,Not worth it,184500
1663,1918,LG Headphones Prime,Electronics,39255,4,Chennai,2026-08-06 02:54:56.495892,Delivered,True,33491.11,23055.58,5,Top notch quality,157020
1664,1902,Nike Laptop X,Electronics,45930,5,Pune,2026-08-05 02:54:56.495901,Placed,True,40555.29,26873.55,2,Terrible product,229650
1665,1779,Canon Tablet Edge,Electronics,23995,4,Kolkata,2026-08-07 02:54:56.495912,Placed,True,16576.17,29675.32,1,Not satisfied,95980
1666,1498,Lenovo Speaker Air,Electronics,9622,1,Chennai,2026-07-23 02:54:56.495944,Shipped,False,7246.8,2375.2,1,Will not recommend,9622
1667,1098,Xiaomi Tablet Plus,Electronics,46772,1,Kolkata,2026-08-07 02:54:56.495955,Shipped,True,33466.72,13305.28,2,Bad experience,46772
1668,1962,H&M T-shirt Max,Fashion,42769,5,Mumbai,2026-08-06 02:54:56.495964,Placed,True,33469.54,46497.28,5,Very satisfied,213845
1669,1460,Panasonic Jeans Elite,Fashion,17950,2,Delhi,2026-08-05 02:54:56.495973,Delivered,True,12570.03,10759.94,5,Loved it!,35900
1670,1697,Samsung Speaker Pro,Electronics,46842,3,Bangalore,2026-07-26 02:54:56.495985,Cancelled,False,29584.04,51773.89,5,Worth every penny,140526
1671,1129,Apple Bag Max,Fashion,32357,1,Hyderabad,2026-07-21 02:54:56.495997,Cancelled,False,19442.22,12914.78,5,Highly recommended!,32357
1672,1647,Dell Headphones X,Electronics,24562,4,Chennai,2026-08-08 02:54:56.496009,Placed,True,21649.66,11649.36,1,Bad experience,98248
1673,1285,H&M Speaker Plus,Electronics,46645,3,Hyderabad,2026-07-26 02:54:56.496018,Placed,False,34415.03,36689.91,2,Waste of money,139935
1674,1059,Samsung TV Prime,Electronics,31302,2,Delhi,2026-08-08 02:54:56.496027,Shipped,True,27114.65,8374.71,3,Average experience,62604
1675,1139,Zara Watch Air,Electronics,34589,5,Chennai,2026-08-05 02:54:56.496037,Shipped,True,28194.29,31973.55,2,Bad experience,172945
1676,1093,Nikon Bag Plus,Fashion,26025,5,Delhi,2026-08-03 02:54:56.496046,Delivered,False,16129.6,49477.0,3,Average experience,130125
1677,1190,HP Tablet Plus,Electronics,24866,1,Chennai,2026-08-07 02:54:56.496056,Placed,True,22238.07,2627.93,1,Not worth it,24866
1678,1204,Lenovo Phone Mini,Electronics,49490,1,Delhi,2026-07-27 02:54:56.496065,Delivered,False,30484.46,19005.54,5,Highly recommended!,49490
1679,1262,JBL Bag Max,Fashion,30802,1,Pune,2026-07-16 02:54:56.496077,Shipped,False,24769.29,6032.71,1,Will not recommend,30802
1680,1816,Canon Camera Edge,Electronics,43337,1,Kolkata,2026-07-17 02:54:56.496086,Shipped,False,35091.62,8245.38,2,Waste of money,43337
1681,1979,H&M Laptop X,Electronics,31192,4,Chennai,2026-08-07 02:54:56.496096,Shipped,True,19945.77,44984.91,3,Decent quality,124768
1682,1830,Asus TV Mini,Electronics,8073,4,Kolkata,2026-08-08 02:54:56.496107,Cancelled,True,7210.98,3448.1,2,Disappointed,32292
1683,1227,OnePlus Jacket Neo,Fashion,14473,1,Pune,2026-08-06 02:54:56.496116,Shipped,True,8880.94,5592.06,3,Just okay,14473
1684,1345,Nikon Phone Plus,Electronics,5003,4,Hyderabad,2026-07-28 02:54:56.496126,Shipped,False,3658.97,5376.12,5,Superb quality!,20012
1685,1763,H&M Shoes X,Fashion,10421,4,Chennai,2026-08-07 02:54:56.496135,Shipped,True,9313.29,4430.84,4,Amazing product!,41684
1686,1560,Dell Jacket Plus,Fashion,13198,5,Bangalore,2026-08-06 02:54:56.496146,Shipped,True,11604.8,7966.0,5,Superb quality!,65990
1687,1338,Zara Router Core,Electronics,12091,3,Bangalore,2026-08-07 02:54:56.496155,Shipped,True,8726.89,10092.32,2,Not satisfied,36273
1688,1343,Sony Camera Air,Electronics,29697,4,Bangalore,2026-07-12 02:54:56.496165,Placed,False,21323.7,33493.22,4,Best purchase ever,118788
1689,1553,Zara Camera Max,Electronics,24369,4,Bangalore,2026-08-05 02:54:56.496174,Cancelled,True,19952.26,17666.94,1,Not satisfied,97476
1690,1910,Asus Shoes Ultra,Fashion,21769,1,Mumbai,2026-08-07 02:54:56.496183,Shipped,True,17832.86,3936.14,5,Loved it!,21769
1691,1336,Puma Router Elite,Electronics,5961,1,Hyderabad,2026-07-10 02:54:56.496195,Delivered,False,3746.05,2214.95,1,Waste of money,5961
1692,1734,Realme TV Mini,Electronics,46647,4,Kolkata,2026-08-02 02:54:56.496204,Cancelled,False,30341.87,65220.52,1,Terrible product,186588
1693,1682,Zara Laptop Air,Electronics,15822,3,Mumbai,2026-07-12 02:54:56.496216,Placed,False,12733.17,9266.48,1,Bad experience,47466
1694,1080,Nikon Phone Plus,Electronics,29187,3,Bangalore,2026-07-07 02:54:56.496225,Placed,False,17604.8,34746.59,4,Amazing product!,87561
1695,1032,Zara Watch Neo,Electronics,22602,2,Chennai,2026-08-06 02:54:56.496235,Shipped,True,16545.71,12112.58,5,Worth every penny,45204
1696,1563,Panasonic Speaker Pro,Electronics,3372,4,Delhi,2026-08-07 02:54:56.496244,Cancelled,True,2877.52,1977.91,4,Best purchase ever,13488
1697,1009,H&M Watch Max,Electronics,23690,5,Chennai,2026-07-14 02:54:56.496254,Placed,False,20705.93,14920.37,1,Not satisfied,118450
1698,1003,Boat Laptop Max,Electronics,44903,5,Bangalore,2026-08-06 02:54:56.496263,Placed,True,29679.94,76115.29,5,Loved it!,224515
1699,1073,Sony Shoes Prime,Fashion,8761,1,Kolkata,2026-08-07 02:54:56.496272,Placed,True,6587.79,2173.21,3,Okay product,8761
1700,1982,Sony Bag Edge,Fashion,41581,5,Kolkata,2026-08-05 02:54:56.496284,Shipped,True,35932.22,28243.89,5,Highly recommended!,207905
1701,1072,JBL Speaker Plus,Electronics,23182,2,Delhi,2026-07-13 02:54:56.496293,Shipped,False,14928.1,16507.79,3,Just okay,46364
1702,1075,Canon Tablet Prime,Electronics,27209,4,Kolkata,2026-08-04 02:54:56.496305,Delivered,True,20987.88,24884.49,5,Amazing product!,108836
1703,1512,Realme T-shirt Elite,Fashion,47497,4,Bangalore,2026-07-26 02:54:56.496315,Placed,False,39588.19,31635.25,2,Will not recommend,189988
1704,1021,Nike T-shirt Core,Fashion,45078,2,Delhi,2026-08-05 02:54:56.496324,Shipped,True,31195.19,27765.61,3,Works fine,90156
1705,1164,Dell Headphones Core,Electronics,32663,4,Pune,2026-07-10 02:54:56.496333,Cancelled,False,22872.34,39162.64,1,Very poor quality,130652
1706,1188,Sony Shoes Prime,Fashion,1224,1,Bangalore,2026-07-28 02:54:56.496343,Delivered,False,849.37,374.63,2,Terrible product,1224
1707,1224,Xiaomi TV Prime,Electronics,30605,5,Hyderabad,2026-07-29 02:54:56.496353,Placed,False,24126.56,32392.19,5,Highly recommended!,153025
1708,1658,Adidas T-shirt Core,Fashion,20666,3,Chennai,2026-08-04 02:54:56.496363,Placed,True,16970.27,11087.19,1,Not satisfied,61998
1709,1935,Apple Watch Prime,Electronics,44852,1,Chennai,2026-07-27 02:54:56.496372,Placed,False,35485.2,9366.8,5,Fantastic experience,44852
1710,1225,Acer T-shirt Ultra,Fashion,17098,2,Hyderabad,2026-08-05 02:54:56.496381,Placed,True,10712.17,12771.66,4,Top notch quality,34196
1711,1772,Sony Jeans Max,Fashion,40887,1,Kolkata,2026-07-06 02:54:56.496390,Shipped,False,36279.29,4607.71,4,Worth every penny,40887
1712,1789,Realme Shoes Edge,Fashion,36088,4,Chennai,2026-07-07 02:54:56.496402,Cancelled,False,22602.57,53941.74,5,Best purchase ever,144352
1713,1905,Adidas Headphones Neo,Electronics,11476,4,Pune,2026-08-05 02:54:56.496411,Cancelled,True,8328.41,12590.36,2,Not satisfied,45904
1714,1911,JBL Tablet Mini,Electronics,30487,3,Delhi,2026-07-18 02:54:56.496422,Cancelled,False,19003.2,34451.41,4,Top notch quality,91461
1715,1231,Nike T-shirt Core,Fashion,39548,2,Pune,2026-08-07 02:54:56.496432,Placed,True,24806.49,29483.02,3,Not bad,79096
1716,1662,HP Router Plus,Electronics,36592,1,Hyderabad,2026-08-05 02:54:56.496441,Delivered,True,29644.17,6947.83,2,Bad experience,36592
1717,1702,Acer Jeans Ultra,Fashion,48050,2,Bangalore,2026-08-06 02:54:56.496450,Placed,True,36358.29,23383.42,4,Amazing product!,96100
1718,1563,Zara Shoes Pro,Fashion,6690,4,Kolkata,2026-08-04 02:54:56.496459,Delivered,True,4438.35,9006.59,3,Could be better,26760
1719,1720,Lenovo Phone Mini,Electronics,48362,5,Pune,2026-07-16 02:54:56.496468,Delivered,False,39032.01,46649.93,4,Highly recommended!,241810
1720,1783,Zara Watch X,Electronics,25516,5,Hyderabad,2026-08-04 02:54:56.496479,Shipped,True,22330.34,15928.32,4,Fantastic experience,127580
1721,1920,OnePlus Camera Edge,Electronics,40075,2,Mumbai,2026-08-08 02:54:56.496488,Delivered,True,31362.57,17424.85,2,Will not recommend,80150
1722,1172,LG Headphones Prime,Electronics,33862,3,Pune,2026-07-04 02:54:56.496498,Shipped,False,29116.91,14235.27,1,Waste of money,101586
1723,1549,Samsung Camera Prime,Electronics,31745,2,Mumbai,2026-08-04 02:54:56.496507,Cancelled,True,24296.35,14897.3,5,Excellent performance,63490
1724,1285,Asus TV Plus,Electronics,15484,2,Pune,2026-08-04 02:54:56.496516,Shipped,True,9702.34,11563.32,3,Nothing special,30968
1725,1717,Nikon Phone X,Electronics,48416,2,Delhi,2026-08-04 02:54:56.496525,Delivered,True,43195.86,10440.29,3,Works fine,96832
1726,1224,H&M T-shirt Max,Fashion,8792,1,Hyderabad,2026-08-04 02:54:56.496535,Cancelled,True,7856.55,935.45,3,Not bad,8792
1727,1381,Nike Router Edge,Electronics,9057,4,Pune,2026-07-23 02:54:56.496546,Cancelled,False,7323.81,6932.74,1,Very poor quality,36228
1728,1405,Sony Router Elite,Electronics,3215,2,Mumbai,2026-08-07 02:54:56.496555,Shipped,True,2783.87,862.26,4,Excellent performance,6430
1729,1470,Realme Router X,Electronics,45207,1,Bangalore,2026-07-12 02:54:56.496564,Cancelled,False,39803.44,5403.56,4,Top notch quality,45207
1730,1425,Nikon Router Pro,Electronics,38809,1,Pune,2026-08-05 02:54:56.496574,Placed,True,31246.53,7562.47,2,Bad experience,38809
1731,1596,Nike Jacket Edge,Fashion,45443,1,Pune,2026-07-25 02:54:56.496583,Delivered,False,39060.84,6382.16,1,Waste of money,45443
1732,1068,Zara Camera Core,Electronics,35292,2,Kolkata,2026-08-04 02:54:56.496592,Shipped,True,23800.31,22983.39,5,Excellent performance,70584
1733,1429,Realme T-shirt Elite,Fashion,26182,2,Chennai,2026-08-08 02:54:56.496603,Placed,True,22004.34,8355.33,2,Bad experience,52364
1734,1471,HP Router Edge,Electronics,33339,1,Hyderabad,2026-07-22 02:54:56.496614,Shipped,False,29693.44,3645.56,4,Very satisfied,33339
1735,1370,Acer Headphones Ultra,Electronics,3159,4,Bangalore,2026-08-07 02:54:56.496623,Cancelled,True,1975.11,4735.55,5,Very satisfied,12636
1736,1988,Canon Tablet Prime,Electronics,20370,5,Chennai,2026-07-10 02:54:56.496632,Shipped,False,14058.37,31558.13,1,Will not recommend,101850
1737,1171,Lenovo Phone Elite,Electronics,13367,3,Chennai,2026-08-05 02:54:56.496642,Delivered,True,9398.83,11904.5,3,Just okay,40101
1738,1302,Apple Laptop Neo,Electronics,8985,2,Mumbai,2026-07-30 02:54:56.496651,Delivered,False,7768.6,2432.79,1,Bad experience,17970
1739,1695,Apple Bag X,Fashion,14684,4,Kolkata,2026-08-06 02:54:56.496660,Shipped,True,9984.63,18797.49,2,Bad experience,58736
1740,1654,Adidas Tablet Plus,Electronics,34135,1,Mumbai,2026-07-04 02:54:56.496670,Placed,False,28058.0,6077.0,4,Highly recommended!,34135
1741,1908,H&M Router Plus,Electronics,20890,1,Mumbai,2026-07-26 02:54:56.496681,Cancelled,False,13793.75,7096.25,3,Works fine,20890
1742,1251,JBL Shoes Neo,Fashion,18963,4,Bangalore,2026-08-06 02:54:56.496691,Placed,True,13452.37,22042.5,2,Very poor quality,75852
1743,1415,Dell Router Prime,Electronics,13758,1,Delhi,2026-08-04 02:54:56.496700,Placed,True,11170.42,2587.58,3,Nothing special,13758
1744,1691,HP Jacket Prime,Fashion,47605,3,Bangalore,2026-07-07 02:54:56.496709,Delivered,False,39679.18,23777.47,4,Best purchase ever,142815
1745,1369,H&M TV Edge,Electronics,22180,4,Mumbai,2026-07-16 02:54:56.496719,Shipped,False,18110.5,16278.02,3,Works fine,88720
1746,1391,Panasonic Jeans Elite,Fashion,24795,5,Hyderabad,2026-07-07 02:54:56.496728,Shipped,False,17800.53,34972.33,5,Fantastic experience,123975
1747,1022,Apple Phone Prime,Electronics,28739,2,Kolkata,2026-07-30 02:54:56.496737,Placed,False,18770.16,19937.68,3,Could be better,57478
1748,1778,Puma Speaker Max,Electronics,1019,5,Chennai,2026-07-05 02:54:56.496748,Shipped,False,766.71,1261.45,3,Not bad,5095
1749,1115,Nikon Laptop Air,Electronics,9845,3,Hyderabad,2026-07-16 02:54:56.496758,Delivered,False,7079.76,8295.72,4,Highly recommended!,29535
1750,1272,H&M Speaker Air,Electronics,16197,1,Mumbai,2026-07-07 02:54:56.496767,Shipped,False,10382.48,5814.52,3,Okay product,16197
1751,1836,HP Tablet Core,Electronics,8530,3,Delhi,2026-08-06 02:54:56.496776,Cancelled,True,5752.15,8333.54,2,Terrible product,25590
1752,1231,Zara T-shirt Ultra,Fashion,21257,3,Delhi,2026-08-04 02:54:56.496786,Delivered,True,16367.28,14669.16,2,Will not recommend,63771
1753,1941,Dell Tablet Prime,Electronics,45108,1,Mumbai,2026-08-08 02:54:56.496796,Placed,True,33772.57,11335.43,5,Worth every penny,45108
1754,1325,JBL Tablet Mini,Electronics,8380,1,Mumbai,2026-07-11 02:54:56.496805,Delivered,False,5260.24,3119.76,5,Excellent performance,8380
1755,1115,LG Jacket Ultra,Fashion,24273,3,Chennai,2026-08-07 02:54:56.496818,Delivered,True,16455.36,23452.93,4,Amazing product!,72819
1756,1926,Sony Router Elite,Electronics,42627,2,Chennai,2026-08-08 02:54:56.496828,Delivered,True,35763.62,13726.76,2,Very poor quality,85254
1757,1003,LG Watch Pro,Electronics,30185,2,Delhi,2026-07-22 02:54:56.496837,Shipped,False,21794.21,16781.57,2,Will not recommend,60370
1758,1025,Nike Headphones Prime,Electronics,4559,1,Bangalore,2026-07-08 02:54:56.496846,Cancelled,False,3848.26,710.74,5,Loved it!,4559
1759,1746,Puma Laptop Plus,Electronics,43037,5,Mumbai,2026-08-04 02:54:56.496855,Placed,True,37710.42,26632.92,4,Highly recommended!,215185
1760,1232,Nikon Camera Mini,Electronics,20762,2,Kolkata,2026-07-20 02:54:56.496864,Cancelled,False,13204.1,15115.79,1,Disappointed,41524
1761,1203,Adidas Jacket Plus,Fashion,8588,2,Delhi,2026-07-18 02:54:56.496874,Placed,False,6426.51,4322.97,2,Not satisfied,17176
1762,1928,Boat Phone Ultra,Electronics,25278,5,Pune,2026-07-23 02:54:56.496885,Cancelled,False,19095.74,30911.3,4,Highly recommended!,126390
1763,1847,Asus Jeans Edge,Fashion,39882,2,Hyderabad,2026-07-09 02:54:56.496894,Cancelled,False,28044.66,23674.69,3,Could be better,79764
1764,1716,Asus Tablet Neo,Electronics,45253,2,Kolkata,2026-08-05 02:54:56.496903,Cancelled,True,29198.72,32108.55,4,Superb quality!,90506
1765,1800,Apple Laptop Neo,Electronics,34723,5,Bangalore,2026-08-04 02:54:56.496914,Shipped,True,24621.29,50508.57,4,Superb quality!,173615
1766,1406,Nikon Router Mini,Electronics,8967,2,Delhi,2026-07-21 02:54:56.496946,Placed,False,6744.82,4444.35,1,Will not recommend,17934
1767,1782,Adidas Watch Core,Electronics,3708,5,Kolkata,2026-08-02 02:54:56.496956,Cancelled,False,2657.62,5251.88,4,Loved it!,18540
1768,1405,Lenovo Camera X,Electronics,10880,2,Delhi,2026-08-02 02:54:56.496971,Placed,False,6574.22,8611.57,1,Waste of money,21760
1769,1945,Realme Jeans Air,Fashion,42758,5,Pune,2026-08-08 02:54:56.496982,Cancelled,True,34712.06,40229.7,4,Very satisfied,213790
1770,1771,HP Tablet Air,Electronics,17679,5,Bangalore,2026-07-10 02:54:56.496992,Delivered,False,13145.1,22669.52,3,Nothing special,88395
1771,1649,Nike Router Edge,Electronics,10012,2,Delhi,2026-08-05 02:54:56.497002,Cancelled,True,8867.48,2289.04,5,Amazing product!,20024
1772,1734,Samsung Camera Prime,Electronics,40308,3,Hyderabad,2026-07-30 02:54:56.497011,Shipped,False,30959.12,28046.64,5,Highly recommended!,120924
1773,1216,Adidas Phone Prime,Electronics,45413,2,Bangalore,2026-08-06 02:54:56.497021,Delivered,True,28026.54,34772.92,2,Not worth it,90826
1774,1278,Canon Speaker Max,Electronics,3731,4,Chennai,2026-08-07 02:54:56.497030,Cancelled,True,2313.22,5671.11,1,Not satisfied,14924
1775,1877,Apple Camera Neo,Electronics,32729,3,Kolkata,2026-08-05 02:54:56.497039,Placed,True,24405.04,24971.89,3,Works fine,98187
1776,1793,Dell Router Prime,Electronics,20481,1,Chennai,2026-07-30 02:54:56.497053,Placed,False,17747.68,2733.32,1,Very poor quality,20481
1777,1395,HP Camera Pro,Electronics,26799,1,Delhi,2026-07-13 02:54:56.497063,Delivered,False,17922.41,8876.59,4,Worth every penny,26799
1778,1818,HP Headphones Plus,Electronics,48373,3,Mumbai,2026-08-02 02:54:56.497072,Shipped,False,33644.69,44184.94,5,Loved it!,145119
1779,1079,Sony Speaker Prime,Electronics,41539,1,Kolkata,2026-08-01 02:54:56.497081,Delivered,False,37102.89,4436.11,3,Okay product,41539
1780,1606,Asus TV Mini,Electronics,44620,3,Mumbai,2026-07-21 02:54:56.497090,Shipped,False,26998.32,52865.05,1,Terrible product,133860
1781,1018,Zara Router Plus,Electronics,21539,4,Bangalore,2026-07-23 02:54:56.497100,Cancelled,False,13312.38,32906.47,1,Waste of money,86156
1782,1314,Apple Jeans Neo,Fashion,28981,2,Delhi,2026-08-04 02:54:56.497109,Delivered,True,18224.07,21513.86,1,Waste of money,57962
1783,1415,Dell Speaker Edge,Electronics,13724,5,Delhi,2026-08-07 02:54:56.497120,Delivered,True,10139.66,17921.68,5,Top notch quality,68620
1784,1081,Zara Shoes Pro,Fashion,34789,4,Hyderabad,2026-08-04 02:54:56.497129,Cancelled,True,25323.22,37863.13,4,Superb quality!,139156
1785,1982,Nikon Tablet Prime,Electronics,12648,2,Bangalore,2026-07-14 02:54:56.497139,Delivered,False,10149.83,4996.34,1,Will not recommend,25296
1786,1207,Panasonic Speaker Ultra,Electronics,38299,5,Delhi,2026-07-14 02:54:56.497148,Delivered,False,27028.56,56352.18,2,Disappointed,191495
1787,1652,Nikon Tablet Prime,Electronics,6509,4,Bangalore,2026-07-25 02:54:56.497158,Cancelled,False,3965.69,10173.22,5,Best purchase ever,26036
1788,1862,Nikon Phone Plus,Electronics,15781,1,Delhi,2026-08-04 02:54:56.497167,Cancelled,True,10041.69,5739.31,1,Not worth it,15781
1789,1491,Xiaomi Tablet X,Electronics,23378,4,Delhi,2026-07-26 02:54:56.497176,Shipped,False,17975.63,21609.49,4,Excellent performance,93512
1790,1508,Dell Router Plus,Electronics,3772,1,Chennai,2026-08-07 02:54:56.497198,Delivered,True,2710.91,1061.09,3,Just okay,3772
1791,1835,Nikon Headphones Ultra,Electronics,38012,4,Mumbai,2026-07-05 02:54:56.497207,Shipped,False,32897.26,20458.96,1,Terrible product,152048
1792,1361,HP Tablet Core,Electronics,23277,4,Bangalore,2026-08-06 02:54:56.497217,Shipped,True,14196.83,36320.7,4,Superb quality!,93108
1793,1631,Puma Speaker Max,Electronics,14956,4,Mumbai,2026-08-04 02:54:56.497226,Delivered,True,13348.46,6430.16,5,Very satisfied,59824
1794,1328,Dell Tablet Prime,Electronics,30935,4,Mumbai,2026-08-04 02:54:56.497234,Shipped,True,19835.71,44397.18,4,Superb quality!,123740
1795,1165,Zara Router X,Electronics,46029,3,Kolkata,2026-07-11 02:54:56.497244,Placed,False,30092.56,47809.33,3,Okay product,138087
1796,1628,Boat T-shirt Plus,Fashion,30821,4,Bangalore,2026-08-07 02:54:56.497253,Shipped,True,20663.36,40630.56,1,Not worth it,123284
1797,1673,Zara Jacket Pro,Fashion,34874,5,Chennai,2026-07-15 02:54:56.497264,Delivered,False,24572.37,51508.15,3,Just okay,174370
1798,1804,Nikon Watch Ultra,Electronics,20064,3,Delhi,2026-07-07 02:54:56.497274,Shipped,False,16524.68,10617.95,3,Decent quality,60192
1799,1282,Realme Bag Elite,Fashion,20511,5,Kolkata,2026-08-07 02:54:56.497283,Cancelled,True,16939.92,17855.39,2,Disappointed,102555
1800,1175,Lenovo Shoes Prime,Fashion,19183,2,Mumbai,2026-07-06 02:54:56.497292,Delivered,False,13027.91,12310.18,5,Fantastic experience,38366
1801,1589,Acer Watch Core,Electronics,3628,5,Pune,2026-07-18 02:54:56.497302,Delivered,False,2316.45,6557.77,4,Superb quality!,18140
1802,1132,Adidas Headphones Elite,Electronics,35442,5,Delhi,2026-07-31 02:54:56.497311,Cancelled,False,22941.89,62500.55,1,Will not recommend,177210
1803,1197,Boat Jeans Elite,Fashion,11859,1,Bangalore,2026-07-10 02:54:56.497320,Placed,False,8819.29,3039.71,3,Could be better,11859
1804,1038,Canon Jeans Pro,Fashion,47014,4,Mumbai,2026-07-24 02:54:56.497330,Delivered,False,39496.74,30069.05,2,Waste of money,188056
1805,1151,Samsung Bag Prime,Fashion,3312,3,Pune,2026-07-16 02:54:56.497339,Delivered,False,2830.03,1445.92,4,Loved it!,9936
1806,1139,Canon Tablet Pro,Electronics,15143,5,Hyderabad,2026-08-04 02:54:56.497348,Cancelled,True,13161.87,9905.67,3,Okay product,75715
1807,1401,LG T-shirt Elite,Fashion,13871,4,Mumbai,2026-07-07 02:54:56.497357,Delivered,False,11919.29,7806.83,5,Best purchase ever,55484
1808,1944,Adidas Phone X,Electronics,38664,3,Kolkata,2026-07-04 02:54:56.497366,Placed,False,29640.33,27071.01,4,Loved it!,115992
1809,1712,Canon Tablet Pro,Electronics,14813,1,Bangalore,2026-07-12 02:54:56.497375,Shipped,False,11343.28,3469.72,2,Disappointed,14813
1810,1049,Nikon Router Pro,Electronics,25920,2,Mumbai,2026-08-04 02:54:56.497384,Cancelled,True,22819.05,6201.9,5,Worth every penny,51840
1811,1317,Realme TV Mini,Electronics,12530,2,Chennai,2026-07-29 02:54:56.497393,Cancelled,False,7643.87,9772.26,2,Very poor quality,25060
1812,1731,Acer Bag Plus,Fashion,12500,3,Kolkata,2026-07-28 02:54:56.497402,Placed,False,7570.19,14789.44,2,Will not recommend,37500
1813,1390,Zara Laptop Neo,Electronics,33558,4,Hyderabad,2026-08-04 02:54:56.497412,Shipped,True,27290.26,25070.96,2,Disappointed,134232
1814,1269,Dell Jeans Plus,Fashion,3784,2,Mumbai,2026-08-07 02:54:56.497421,Delivered,True,3279.9,1008.2,1,Will not recommend,7568
1815,1167,Samsung Speaker Ultra,Electronics,20298,2,Mumbai,2026-08-02 02:54:56.497431,Cancelled,False,13569.5,13456.99,3,Average experience,40596
1816,1747,OnePlus Phone Core,Electronics,37140,5,Hyderabad,2026-07-21 02:54:56.497440,Delivered,False,26053.79,55431.05,4,Worth every penny,185700
1817,1139,LG Laptop Max,Electronics,10951,2,Delhi,2026-08-05 02:54:56.497450,Cancelled,True,8619.34,4663.32,2,Not satisfied,21902
1818,1224,Realme Shoes Ultra,Fashion,22139,4,Mumbai,2026-08-05 02:54:56.497461,Cancelled,True,19113.58,12101.67,2,Not satisfied,88556
1819,1373,Asus Headphones Elite,Electronics,27257,4,Hyderabad,2026-08-01 02:54:56.497470,Placed,False,21835.54,21685.86,4,Top notch quality,109028
1820,1920,Samsung Bag Prime,Fashion,29174,4,Pune,2026-08-07 02:54:56.497479,Shipped,True,24076.46,20390.16,3,Works fine,116696
1821,1752,H&M Headphones Core,Electronics,11874,3,Kolkata,2026-07-28 02:54:56.497490,Placed,False,7403.11,13412.66,2,Very poor quality,35622
1822,1130,Realme Shoes Edge,Fashion,17428,4,Kolkata,2026-08-05 02:54:56.497500,Placed,True,11590.24,23351.05,2,Not satisfied,69712
1823,1299,Realme TV Mini,Electronics,30545,1,Delhi,2026-08-04 02:54:56.497510,Delivered,True,24903.64,5641.36,2,Waste of money,30545
1824,1747,Nike Headphones Air,Electronics,24964,1,Hyderabad,2026-07-08 02:54:56.497519,Delivered,False,21840.69,3123.31,3,Nothing special,24964
1825,1958,Samsung Headphones Neo,Electronics,7157,4,Hyderabad,2026-07-24 02:54:56.497529,Shipped,False,5182.93,7896.29,5,Best purchase ever,28628
1826,1807,Nikon Phone Plus,Electronics,17782,1,Pune,2026-07-23 02:54:56.497538,Cancelled,False,13532.94,4249.06,4,Highly recommended!,17782
1827,1821,HP Laptop Max,Electronics,41717,2,Kolkata,2026-07-18 02:54:56.497547,Placed,False,27281.4,28871.2,3,Average experience,83434
1828,1969,Canon Headphones Edge,Electronics,45594,3,Mumbai,2026-07-22 02:54:56.497558,Shipped,False,37103.64,25471.07,5,Highly recommended!,136782
1829,1086,Zara Watch Air,Electronics,16825,2,Delhi,2026-07-16 02:54:56.497570,Placed,False,14104.88,5440.24,1,Waste of money,33650
1830,1826,OnePlus Speaker Edge,Electronics,8313,5,Pune,2026-07-04 02:54:56.497579,Placed,False,5575.63,13686.86,3,Just okay,41565
1831,1710,Adidas Jeans Air,Fashion,3776,1,Delhi,2026-07-07 02:54:56.497589,Placed,False,3243.15,532.85,4,Excellent performance,3776
1832,1257,H&M Laptop Air,Electronics,41740,2,Pune,2026-08-06 02:54:56.497598,Placed,True,32403.89,18672.21,5,Best purchase ever,83480
1833,1145,Realme Jeans Air,Fashion,12178,5,Chennai,2026-07-11 02:54:56.497607,Placed,False,9111.55,15332.25,2,Waste of money,60890
1834,1877,H&M Phone Ultra,Electronics,25915,3,Bangalore,2026-08-05 02:54:56.497616,Delivered,True,16962.31,26858.07,1,Not worth it,77745
1835,1870,Panasonic Laptop Air,Electronics,9959,1,Mumbai,2026-07-29 02:54:56.497627,Delivered,False,8004.43,1954.57,3,Just okay,9959
1836,1312,Boat Phone Elite,Electronics,13299,1,Kolkata,2026-08-05 02:54:56.497637,Shipped,True,9154.08,4144.92,4,Amazing product!,13299
1837,1880,Zara T-shirt X,Fashion,34484,4,Bangalore,2026-08-03 02:54:56.497646,Shipped,False,25497.04,35947.85,2,Not satisfied,137936
1838,1263,Adidas Jeans Air,Fashion,45268,4,Kolkata,2026-08-01 02:54:56.497655,Shipped,False,29733.83,62136.68,4,Top notch quality,181072
1839,1424,OnePlus Router Elite,Electronics,12405,4,Mumbai,2026-07-14 02:54:56.497664,Cancelled,False,8038.28,17466.86,5,Worth every penny,49620
1840,1580,OnePlus Camera Ultra,Electronics,12623,4,Mumbai,2026-07-19 02:54:56.497676,Shipped,False,10583.59,8157.63,2,Not worth it,50492
1841,1028,LG Router Ultra,Electronics,27917,1,Pune,2026-07-23 02:54:56.497685,Placed,False,17937.45,9979.55,5,Highly recommended!,27917
1842,1223,Lenovo Speaker Air,Electronics,38032,2,Delhi,2026-08-08 02:54:56.497696,Shipped,True,24154.42,27755.17,3,Just okay,76064
1843,1684,Adidas Router Edge,Electronics,39258,3,Pune,2026-07-10 02:54:56.497705,Delivered,False,26294.12,38891.63,2,Will not recommend,117774
1844,1441,Samsung Speaker Pro,Electronics,10603,4,Chennai,2026-08-08 02:54:56.497714,Shipped,True,8474.17,8515.31,2,Not satisfied,42412
1845,1228,Acer Watch X,Electronics,22469,3,Pune,2026-08-08 02:54:56.497724,Shipped,True,14135.9,24999.31,2,Bad experience,67407
1846,1838,Samsung Router Neo,Electronics,3150,1,Pune,2026-07-16 02:54:56.497733,Cancelled,False,2555.63,594.37,2,Bad experience,3150
1847,1728,OnePlus Jacket Neo,Fashion,12085,2,Bangalore,2026-08-05 02:54:56.497742,Placed,True,8600.1,6969.81,3,Okay product,24170
1848,1106,Samsung Router Neo,Electronics,10569,4,Hyderabad,2026-07-17 02:54:56.497751,Delivered,False,9484.94,4336.24,3,Average experience,42276
1849,1857,Dell Jeans Plus,Fashion,7691,5,Hyderabad,2026-07-26 02:54:56.497762,Placed,False,5513.21,10888.96,3,Not bad,38455
1850,1250,H&M T-shirt Max,Fashion,562,1,Hyderabad,2026-07-29 02:54:56.497772,Delivered,False,411.76,150.24,5,Top notch quality,562
1851,1793,HP Headphones Plus,Electronics,34629,3,Pune,2026-07-14 02:54:56.497781,Delivered,False,23704.61,32773.16,4,Excellent performance,103887
1852,1732,Nikon Phone Ultra,Electronics,39545,4,Chennai,2026-08-05 02:54:56.497792,Shipped,True,31539.16,32023.35,1,Waste of money,158180
1853,1291,LG Tablet Max,Electronics,9991,2,Mumbai,2026-08-05 02:54:56.497801,Cancelled,True,6045.88,7890.25,1,Not satisfied,19982
1854,1791,Samsung Shoes Mini,Fashion,17076,5,Hyderabad,2026-08-04 02:54:56.497810,Shipped,True,13999.27,15383.63,5,Best purchase ever,85380
1855,1624,OnePlus Camera Edge,Electronics,7834,1,Kolkata,2026-07-07 02:54:56.497820,Delivered,False,5060.98,2773.02,4,Best purchase ever,7834
1856,1058,Samsung Shoes Mini,Fashion,18698,5,Mumbai,2026-08-05 02:54:56.497831,Cancelled,True,11840.85,34285.77,5,Amazing product!,93490
1857,1356,Nikon Bag Air,Fashion,28810,4,Mumbai,2026-08-03 02:54:56.497840,Cancelled,False,23389.95,21680.2,1,Not satisfied,115240
1858,1329,Puma Jeans Max,Fashion,11070,5,Pune,2026-07-28 02:54:56.497849,Delivered,False,7268.18,19009.09,1,Not satisfied,55350
1859,1566,Sony Jeans X,Fashion,21906,2,Pune,2026-07-27 02:54:56.497858,Cancelled,False,16756.99,10298.01,1,Not worth it,43812
1860,1714,Boat T-shirt Plus,Fashion,27889,5,Chennai,2026-08-08 02:54:56.497868,Placed,True,17232.4,53283.0,4,Fantastic experience,139445
1861,1689,Realme Headphones Edge,Electronics,30475,4,Hyderabad,2026-08-05 02:54:56.497879,Cancelled,True,25999.77,17900.9,2,Terrible product,121900
1862,1181,Nike Headphones Air,Electronics,13859,2,Chennai,2026-07-21 02:54:56.497889,Placed,False,10417.78,6882.45,1,Terrible product,27718
1863,1996,Acer Tablet Max,Electronics,7365,2,Delhi,2026-07-17 02:54:56.497901,Shipped,False,6551.46,1627.08,1,Not satisfied,14730
1864,1689,Apple Laptop Neo,Electronics,10661,5,Kolkata,2026-08-05 02:54:56.497910,Cancelled,True,8689.45,9857.75,2,Bad experience,53305
1865,1541,Asus Headphones Air,Electronics,33798,2,Chennai,2026-07-06 02:54:56.497943,Cancelled,False,24953.94,17688.12,5,Loved it!,67596
1866,1432,Puma Laptop Plus,Electronics,46915,1,Hyderabad,2026-07-04 02:54:56.497954,Delivered,False,35087.85,11827.15,1,Not satisfied,46915
1867,1788,Canon Jeans Pro,Fashion,47905,3,Delhi,2026-08-04 02:54:56.497964,Placed,True,41049.32,20567.03,3,Works fine,143715
1868,1360,Lenovo Headphones Edge,Electronics,8851,4,Kolkata,2026-07-04 02:54:56.497973,Delivered,False,5620.68,12921.27,5,Loved it!,35404
1869,1752,Nikon Camera Air,Electronics,38481,5,Pune,2026-08-08 02:54:56.497986,Shipped,True,27128.45,56762.74,4,Highly recommended!,192405
1870,1393,LG Router Ultra,Electronics,47436,2,Hyderabad,2026-07-22 02:54:56.497995,Shipped,False,38365.26,18141.49,4,Fantastic experience,94872
1871,1351,LG Phone X,Electronics,40584,3,Bangalore,2026-08-05 02:54:56.498005,Shipped,True,29807.54,32329.39,3,Not bad,121752
1872,1593,Acer Watch Core,Electronics,39975,3,Hyderabad,2026-07-14 02:54:56.498014,Placed,False,33147.23,20483.32,3,Not bad,119925
1873,1433,Acer Jeans Ultra,Fashion,1972,4,Kolkata,2026-07-14 02:54:56.498024,Delivered,False,1267.63,2817.47,5,Very satisfied,7888
1874,1468,Apple Laptop Prime,Electronics,4624,4,Bangalore,2026-07-19 02:54:56.498033,Placed,False,3554.61,4277.56,5,Best purchase ever,18496
1875,1415,Boat Shoes Neo,Fashion,45045,4,Bangalore,2026-07-17 02:54:56.498042,Shipped,False,36291.64,35013.45,5,Excellent performance,180180
1876,1531,Acer Watch X,Electronics,33861,2,Pune,2026-07-31 02:54:56.498053,Delivered,False,25010.17,17701.65,3,Nothing special,67722
1877,1271,Panasonic Jeans Edge,Fashion,14017,4,Bangalore,2026-08-07 02:54:56.498063,Shipped,True,11675.06,9367.74,5,Amazing product!,56068
1878,1121,Apple Speaker Pro,Electronics,1147,5,Hyderabad,2026-08-08 02:54:56.498072,Delivered,True,989.58,787.12,3,Not bad,5735
1879,1566,Dell Headphones Mini,Electronics,2557,2,Kolkata,2026-07-30 02:54:56.498081,Delivered,False,1564.18,1985.64,4,Excellent performance,5114
1880,1000,Asus Shoes Ultra,Fashion,4511,1,Kolkata,2026-08-06 02:54:56.498090,Shipped,True,3191.85,1319.15,1,Very poor quality,4511
1881,1242,Acer Headphones Ultra,Electronics,35864,5,Kolkata,2026-08-04 02:54:56.498099,Shipped,True,26709.37,45773.17,5,Fantastic experience,179320
1882,1014,Nikon Jeans Edge,Fashion,48793,4,Mumbai,2026-07-08 02:54:56.498110,Placed,False,37375.42,45670.31,4,Superb quality!,195172
1883,1778,Puma Router Mini,Electronics,29799,3,Pune,2026-08-04 02:54:56.498124,Placed,True,19782.25,30050.25,3,Just okay,89397
1884,1299,Panasonic TV Neo,Electronics,7173,5,Delhi,2026-07-14 02:54:56.498134,Cancelled,False,4341.0,14160.0,3,Just okay,35865
1885,1514,Samsung Bag Neo,Fashion,17608,5,Hyderabad,2026-08-07 02:54:56.498143,Shipped,True,12846.76,23806.2,5,Amazing product!,88040
1886,1115,Samsung Headphones Air,Electronics,47752,1,Pune,2026-08-08 02:54:56.498153,Delivered,True,30971.88,16780.12,1,Not satisfied,47752
1887,1310,HP Router Plus,Electronics,13872,4,Bangalore,2026-07-06 02:54:56.498162,Placed,False,8521.31,21402.74,3,Decent quality,55488
1888,1572,Nike Router Edge,Electronics,39916,5,Chennai,2026-08-07 02:54:56.498172,Delivered,True,27233.79,63411.03,3,Just okay,199580
1889,1331,Xiaomi Jeans Ultra,Fashion,25025,2,Bangalore,2026-07-04 02:54:56.498181,Placed,False,17851.56,14346.89,2,Bad experience,50050
1890,1961,Canon Tablet Pro,Electronics,39648,4,Hyderabad,2026-07-30 02:54:56.498192,Shipped,False,34879.6,19073.6,2,Waste of money,158592
1891,1812,Boat T-shirt Ultra,Fashion,8684,5,Delhi,2026-08-06 02:54:56.498201,Cancelled,True,5771.7,14561.49,3,Nothing special,43420
1892,1381,HP Laptop Prime,Electronics,33196,3,Kolkata,2026-07-06 02:54:56.498211,Delivered,False,22940.83,30765.5,3,Could be better,99588
1893,1320,Acer Watch Core,Electronics,39872,4,Delhi,2026-07-29 02:54:56.498222,Placed,False,34067.87,23216.52,2,Very poor quality,159488
1894,1003,OnePlus Watch Edge,Electronics,5863,2,Pune,2026-07-24 02:54:56.498231,Shipped,False,3901.52,3922.95,2,Not satisfied,11726
1895,1945,Realme Watch Core,Electronics,26346,2,Hyderabad,2026-08-04 02:54:56.498240,Placed,True,23152.57,6386.87,4,Superb quality!,52692
1896,1749,Panasonic Tablet Ultra,Electronics,9883,4,Mumbai,2026-07-29 02:54:56.498249,Delivered,False,8219.89,6652.43,5,Fantastic experience,39532
1897,1598,OnePlus Headphones Max,Electronics,23208,5,Pune,2026-07-12 02:54:56.498260,Shipped,False,17782.97,27125.14,2,Waste of money,116040
1898,1500,Puma Router Air,Electronics,11661,3,Bangalore,2026-08-06 02:54:56.498270,Placed,True,8417.19,9731.43,5,Worth every penny,34983
1899,1371,Adidas Jeans Air,Fashion,6007,4,Bangalore,2026-08-04 02:54:56.498278,Shipped,True,5255.35,3006.6,5,Amazing product!,24028
1900,1653,OnePlus Headphones Elite,Electronics,6578,3,Mumbai,2026-07-20 02:54:56.498288,Shipped,False,4478.13,6299.62,2,Not worth it,19734
1901,1364,Panasonic Phone Pro,Electronics,9750,3,Kolkata,2026-07-07 02:54:56.498297,Shipped,False,6177.99,10716.02,4,Loved it!,29250
1902,1037,Sony Bag Edge,Fashion,46527,5,Bangalore,2026-07-28 02:54:56.498306,Shipped,False,31955.46,72857.68,5,Superb quality!,232635
1903,1085,Lenovo Phone Ultra,Electronics,32503,5,Hyderabad,2026-08-05 02:54:56.498317,Cancelled,True,20718.83,58920.86,2,Terrible product,162515
1904,1518,Asus Shoes Mini,Fashion,4998,2,Kolkata,2026-08-08 02:54:56.498328,Cancelled,True,3639.23,2717.54,1,Will not recommend,9996
1905,1009,H&M Camera Neo,Electronics,11974,5,Bangalore,2026-08-06 02:54:56.498338,Cancelled,True,8908.37,15328.17,4,Superb quality!,59870
1906,1708,Lenovo Jacket Ultra,Fashion,36862,4,Bangalore,2026-08-06 02:54:56.498347,Placed,True,25583.64,45113.44,1,Will not recommend,147448
1907,1103,Nike Phone Prime,Electronics,21911,2,Kolkata,2026-07-11 02:54:56.498356,Cancelled,False,16319.08,11183.84,5,Amazing product!,43822
1908,1508,Zara Shoes Pro,Fashion,7537,3,Delhi,2026-07-13 02:54:56.498365,Delivered,False,4947.27,7769.2,3,Just okay,22611
1909,1954,Xiaomi Bag Ultra,Fashion,31904,4,Delhi,2026-07-05 02:54:56.498374,Cancelled,False,24813.24,28363.04,4,Best purchase ever,127616
1910,1994,Acer Tablet Air,Electronics,15211,2,Bangalore,2026-07-30 02:54:56.498383,Shipped,False,13181.82,4058.37,4,Excellent performance,30422
1911,1348,Canon Camera X,Electronics,40450,5,Chennai,2026-08-04 02:54:56.498395,Placed,True,24855.2,77974.0,5,Fantastic experience,202250
1912,1679,Zara Laptop Ultra,Electronics,38343,1,Kolkata,2026-08-06 02:54:56.498404,Cancelled,True,24100.87,14242.13,1,Terrible product,38343
1913,1304,Xiaomi Tablet Plus,Electronics,19340,2,Kolkata,2026-07-22 02:54:56.498413,Shipped,False,15874.98,6930.03,5,Fantastic experience,38680
1914,1843,HP Router Plus,Electronics,44408,5,Hyderabad,2026-07-16 02:54:56.498423,Shipped,False,32480.55,59637.25,5,Worth every penny,222040
1915,1183,H&M Camera Neo,Electronics,32630,3,Mumbai,2026-07-10 02:54:56.498432,Cancelled,False,28832.99,11391.03,1,Not satisfied,97890
1916,1654,Nike Bag Core,Fashion,29408,5,Kolkata,2026-07-11 02:54:56.498441,Placed,False,24879.18,22644.09,3,Works fine,147040
1917,1937,Adidas Watch Core,Electronics,30112,1,Bangalore,2026-08-03 02:54:56.498451,Shipped,False,24847.94,5264.06,5,Excellent performance,30112
1918,1535,Puma Router Mini,Electronics,22043,1,Delhi,2026-07-09 02:54:56.498462,Cancelled,False,16039.29,6003.71,2,Terrible product,22043
1919,1793,OnePlus Jacket Neo,Fashion,12442,2,Delhi,2026-08-05 02:54:56.498471,Shipped,True,10272.06,4339.88,5,Loved it!,24884
1920,1908,HP Watch Prime,Electronics,16606,5,Hyderabad,2026-07-08 02:54:56.498480,Placed,False,11334.1,26359.48,3,Average experience,83030
1921,1323,Nike Laptop X,Electronics,48858,5,Mumbai,2026-08-04 02:54:56.498490,Delivered,True,36174.61,63416.93,1,Not worth it,244290
1922,1772,Panasonic Shoes Mini,Fashion,28367,4,Pune,2026-08-05 02:54:56.498499,Shipped,True,17781.26,42342.96,3,Average experience,113468
1923,1124,Canon Phone Elite,Electronics,49586,1,Kolkata,2026-07-28 02:54:56.498509,Cancelled,False,39767.99,9818.01,1,Bad experience,49586
1924,1137,LG Speaker Pro,Electronics,38805,1,Pune,2026-08-05 02:54:56.498518,Cancelled,True,33211.24,5593.76,4,Excellent performance,38805
1925,1846,JBL Laptop Core,Electronics,21153,3,Kolkata,2026-08-05 02:54:56.498531,Delivered,True,12959.99,24579.02,1,Not worth it,63459
1926,1217,H&M Laptop Air,Electronics,7123,5,Pune,2026-08-04 02:54:56.498540,Shipped,True,4974.15,10744.26,2,Disappointed,35615
1927,1936,LG Watch Pro,Electronics,14038,4,Chennai,2026-08-06 02:54:56.498549,Delivered,True,9288.84,18996.64,4,Highly recommended!,56152
1928,1721,Zara Camera Max,Electronics,14723,3,Delhi,2026-07-16 02:54:56.498559,Cancelled,False,9756.87,14898.39,2,Not satisfied,44169
1929,1681,Asus TV Plus,Electronics,22380,5,Mumbai,2026-07-07 02:54:56.498568,Delivered,False,14034.59,41727.03,3,Nothing special,111900
1930,1190,Adidas T-shirt X,Fashion,43141,3,Bangalore,2026-07-08 02:54:56.498578,Delivered,False,28983.1,42473.7,4,Best purchase ever,129423
1931,1675,Panasonic Speaker Air,Electronics,8081,1,Mumbai,2026-07-25 02:54:56.498587,Cancelled,False,5801.08,2279.92,5,Amazing product!,8081
1932,1784,Apple Watch Prime,Electronics,33796,2,Pune,2026-07-19 02:54:56.498598,Cancelled,False,24910.38,17771.24,2,Terrible product,67592
1933,1386,Puma Router Pro,Electronics,27360,1,Hyderabad,2026-07-05 02:54:56.498607,Cancelled,False,18837.24,8522.76,5,Loved it!,27360
1934,1981,Apple Bag X,Fashion,17305,1,Bangalore,2026-08-01 02:54:56.498616,Placed,False,15020.57,2284.43,5,Top notch quality,17305
1935,1038,Dell TV Neo,Electronics,13917,3,Mumbai,2026-07-21 02:54:56.498626,Shipped,False,8529.12,16163.64,3,Okay product,41751
1936,1146,Nike T-shirt Ultra,Fashion,37214,5,Chennai,2026-08-05 02:54:56.498635,Delivered,True,33270.76,19716.21,1,Disappointed,186070
1937,1464,Nikon Camera Air,Electronics,14166,4,Delhi,2026-08-08 02:54:56.498650,Placed,True,9618.56,18189.76,3,Decent quality,56664
1938,1588,HP Jeans Edge,Fashion,49978,5,Hyderabad,2026-08-08 02:54:56.498659,Shipped,True,41895.26,40413.69,1,Terrible product,249890
1939,1961,Sony Jacket Elite,Fashion,27919,4,Kolkata,2026-07-26 02:54:56.498670,Placed,False,21522.77,25584.93,2,Disappointed,111676
1940,1550,Panasonic Shoes Core,Fashion,30275,3,Pune,2026-07-10 02:54:56.498680,Shipped,False,19181.2,33281.39,2,Not worth it,90825
1941,1657,Apple T-shirt Plus,Fashion,30232,2,Chennai,2026-07-31 02:54:56.498689,Delivered,False,20550.64,19362.71,2,Not satisfied,60464
1942,1207,Boat Phone Max,Electronics,36728,5,Bangalore,2026-08-04 02:54:56.498698,Delivered,True,31282.82,27225.89,3,Average experience,183640
1943,1667,H&M Phone Ultra,Electronics,14148,5,Pune,2026-08-08 02:54:56.498708,Delivered,True,9361.22,23933.89,4,Top notch quality,70740
1944,1014,JBL Speaker Plus,Electronics,34052,2,Hyderabad,2026-08-05 02:54:56.498717,Delivered,True,23332.07,21439.86,4,Top notch quality,68104
1945,1197,OnePlus Watch Plus,Electronics,6679,2,Kolkata,2026-08-08 02:54:56.498726,Placed,True,5255.08,2847.84,1,Not worth it,13358
1946,1806,Adidas Bag Elite,Fashion,42240,4,Mumbai,2026-08-05 02:54:56.498739,Cancelled,True,30360.82,47516.72,3,Decent quality,168960
1947,1741,Apple T-shirt X,Fashion,3089,3,Pune,2026-08-05 02:54:56.498748,Cancelled,True,2682.28,1220.17,5,Amazing product!,9267
1948,1057,Panasonic Phone Pro,Electronics,30004,4,Pune,2026-08-04 02:54:56.498758,Shipped,True,24824.97,20716.13,1,Not satisfied,120016
1949,1860,Boat Jeans Elite,Fashion,32923,5,Kolkata,2026-07-31 02:54:56.498767,Cancelled,False,21329.77,57966.16,3,Works fine,164615
1950,1768,LG Jacket Edge,Fashion,5433,1,Bangalore,2026-07-12 02:54:56.498776,Shipped,False,3420.82,2012.18,2,Waste of money,5433
1951,1209,HP Speaker Pro,Electronics,31014,1,Mumbai,2026-07-30 02:54:56.498786,Delivered,False,27754.09,3259.91,5,Very satisfied,31014
1952,1014,Nikon Watch Plus,Electronics,24957,1,Bangalore,2026-07-08 02:54:56.498797,Shipped,False,20914.85,4042.15,2,Disappointed,24957
1953,1036,JBL Laptop Elite,Electronics,45975,2,Mumbai,2026-08-07 02:54:56.498806,Placed,True,29072.97,33804.07,5,Amazing product!,91950
1954,1152,Puma Router Air,Electronics,25572,5,Kolkata,2026-07-31 02:54:56.498815,Delivered,False,16993.45,42892.73,4,Amazing product!,127860
1955,1400,Lenovo Watch Prime,Electronics,29902,2,Hyderabad,2026-08-05 02:54:56.498824,Placed,True,18226.44,23351.11,3,Works fine,59804
1956,1031,Zara Laptop Neo,Electronics,47780,2,Delhi,2026-08-08 02:54:56.498833,Shipped,True,31485.98,32588.05,5,Best purchase ever,95560
1957,1341,Panasonic Camera Max,Electronics,30964,4,Hyderabad,2026-08-03 02:54:56.498844,Placed,False,19468.12,45983.53,2,Waste of money,123856
1958,1175,Puma TV Pro,Electronics,1307,1,Mumbai,2026-07-28 02:54:56.498853,Delivered,False,819.28,487.72,1,Will not recommend,1307
1959,1670,Puma Shoes Pro,Fashion,7653,2,Chennai,2026-07-16 02:54:56.498865,Placed,False,6298.21,2709.57,4,Loved it!,15306
1960,1811,Realme Headphones Mini,Electronics,9841,2,Delhi,2026-08-04 02:54:56.498874,Shipped,True,6838.16,6005.69,3,Just okay,19682
1961,1262,Realme Headphones Mini,Electronics,7771,5,Bangalore,2026-08-08 02:54:56.498883,Placed,True,5767.55,10017.27,1,Will not recommend,38855
1962,1369,Sony Speaker Neo,Electronics,27177,1,Mumbai,2026-08-05 02:54:56.498893,Shipped,True,18696.17,8480.83,2,Waste of money,27177
1963,1773,Puma Shoes Pro,Fashion,42963,4,Delhi,2026-08-05 02:54:56.498902,Shipped,True,28111.77,59404.92,5,Excellent performance,171852
1964,1384,JBL Tablet Mini,Electronics,48509,1,Kolkata,2026-07-25 02:54:56.498911,Delivered,False,40716.07,7792.93,4,Highly recommended!,48509
1965,1481,Nike Laptop X,Electronics,14147,2,Chennai,2026-07-14 02:54:56.498944,Shipped,False,9828.51,8636.97,2,Waste of money,28294
1966,1970,Zara Camera Max,Electronics,43199,4,Bangalore,2026-07-11 02:54:56.498957,Placed,False,38496.94,18808.26,2,Disappointed,172796
1967,1588,Lenovo Jacket Ultra,Fashion,45853,3,Pune,2026-07-31 02:54:56.498969,Delivered,False,28021.53,53494.41,1,Bad experience,137559
1968,1750,Zara Watch Neo,Electronics,21449,5,Kolkata,2026-08-05 02:54:56.498978,Delivered,True,16347.31,25508.46,4,Excellent performance,107245
1969,1129,HP Shoes Mini,Fashion,35618,4,Mumbai,2026-07-19 02:54:56.498988,Delivered,False,29824.7,23173.2,5,Very satisfied,142472
1970,1523,Canon Phone Elite,Electronics,25362,1,Pune,2026-08-08 02:54:56.498997,Shipped,True,17590.79,7771.21,3,Average experience,25362
1971,1634,Lenovo Phone Ultra,Electronics,29225,5,Hyderabad,2026-08-08 02:54:56.499008,Placed,True,22549.02,33379.9,4,Excellent performance,146125
1972,1955,Realme T-shirt Mini,Fashion,9060,1,Hyderabad,2026-07-25 02:54:56.499017,Placed,False,5572.86,3487.14,5,Fantastic experience,9060
1973,1522,Nike Jacket Prime,Fashion,13712,4,Chennai,2026-08-05 02:54:56.499028,Shipped,True,12257.08,5819.69,3,Decent quality,54848
1974,1326,Boat Tablet Core,Electronics,29928,1,Bangalore,2026-08-04 02:54:56.499038,Cancelled,True,23111.16,6816.84,5,Very satisfied,29928
1975,1702,Puma T-shirt Ultra,Fashion,12787,2,Pune,2026-08-05 02:54:56.499047,Placed,True,11500.13,2573.73,2,Will not recommend,25574
1976,1021,Adidas Router Core,Electronics,1453,3,Delhi,2026-08-03 02:54:56.499056,Cancelled,False,1203.68,747.97,1,Not satisfied,4359
1977,1626,Boat Headphones Plus,Electronics,34512,4,Delhi,2026-08-06 02:54:56.499065,Delivered,True,25401.91,36440.38,5,Loved it!,138048
1978,1593,Realme Router X,Electronics,34326,5,Hyderabad,2026-08-04 02:54:56.499075,Shipped,True,21822.18,62519.1,1,Not satisfied,171630
1979,1759,Adidas Tablet Plus,Electronics,6551,4,Hyderabad,2026-08-05 02:54:56.499084,Cancelled,True,5277.83,5092.66,2,Will not recommend,26204
1980,1307,Panasonic Phone Mini,Electronics,44622,5,Kolkata,2026-07-11 02:54:56.499095,Placed,False,31969.94,63260.3,5,Worth every penny,223110
1981,1023,LG Laptop Elite,Electronics,5887,5,Kolkata,2026-07-19 02:54:56.499105,Shipped,False,4218.34,8343.28,1,Not satisfied,29435
1982,1740,OnePlus Phone Core,Electronics,39132,5,Hyderabad,2026-07-13 02:54:56.499114,Cancelled,False,26402.84,63645.78,1,Bad experience,195660
1983,1661,Sony Speaker Neo,Electronics,29707,1,Bangalore,2026-08-08 02:54:56.499123,Placed,True,20661.28,9045.72,5,Fantastic experience,29707
1984,1651,Nike T-shirt Core,Fashion,17482,3,Bangalore,2026-08-08 02:54:56.499133,Shipped,True,11276.32,18617.05,1,Very poor quality,52446
1985,1422,Boat Phone Max,Electronics,44063,1,Chennai,2026-08-06 02:54:56.499142,Cancelled,True,30719.96,13343.04,2,Disappointed,44063
1986,1442,Samsung Phone Mini,Electronics,29760,3,Chennai,2026-07-04 02:54:56.499151,Shipped,False,20386.05,28121.85,3,Just okay,89280
1987,1723,Adidas Router Core,Electronics,47431,1,Hyderabad,2026-08-04 02:54:56.499162,Cancelled,True,32257.77,15173.23,1,Waste of money,47431
1988,1991,Puma Bag Mini,Fashion,6503,5,Delhi,2026-08-05 02:54:56.499173,Cancelled,True,4903.27,7998.64,5,Excellent performance,32515
1989,1268,Panasonic Laptop Air,Electronics,26129,2,Pune,2026-08-08 02:54:56.499183,Shipped,True,19603.0,13052.0,1,Will not recommend,52258
1990,1352,Puma Laptop Plus,Electronics,9409,4,Chennai,2026-08-06 02:54:56.499192,Cancelled,True,6807.18,10407.27,2,Very poor quality,37636
1991,1564,LG Router Ultra,Electronics,1051,3,Pune,2026-08-05 02:54:56.499201,Placed,True,943.53,322.4,5,Highly recommended!,3153
1992,1578,Adidas Phone X,Electronics,7524,5,Delhi,2026-08-07 02:54:56.499210,Placed,True,5932.69,7956.53,3,Could be better,37620
1993,1056,Apple Phone Pro,Electronics,44118,4,Bangalore,2026-08-04 02:54:56.499219,Placed,True,32620.61,45989.58,2,Very poor quality,176472
1994,1469,JBL T-shirt Edge,Fashion,27264,1,Delhi,2026-08-04 02:54:56.499230,Cancelled,True,20951.49,6312.51,5,Highly recommended!,27264
1995,1030,Samsung Phone Mini,Electronics,6380,2,Pune,2026-08-05 02:54:56.499239,Delivered,True,3959.38,4841.23,1,Waste of money,12760
1996,1229,JBL Tablet Plus,Electronics,17833,5,Hyderabad,2026-08-03 02:54:56.499249,Delivered,False,14634.27,15993.65,4,Worth every penny,89165
1997,1915,Xiaomi Headphones Pro,Electronics,48374,3,Mumbai,2026-07-22 02:54:56.499258,Placed,False,43110.6,15790.21,3,Not bad,145122
1998,1242,Adidas Phone Neo,Electronics,27957,2,Delhi,2026-07-22 02:54:56.499268,Placed,False,17672.21,20569.57,1,Not worth it,55914
1999,1085,Zara Bag Mini,Fashion,33216,2,Chennai,2026-07-19 02:54:56.499277,Cancelled,False,22515.2,21401.61,3,Just okay,66432
2000,1684,Nike Phone Prime,Electronics,35545,2,Mumbai,2026-08-06 02:54:56.499286,Placed,True,29318.79,12452.41,2,Will not recommend,71090
